mes,jogo,plataforma,jogadores_medios,jogadores_maximos,variacao_percentual,vendas_acumuladas
2015-04,GTA V,PC,80185,93869,N/A,2.1M
2015-04,The Elder Scrolls V: Skyrim,Xbox,71475,99099,N/A,3.9M
2015-04,Call of Duty: Black Ops II,PlayStation,18942,60285,N/A,2.0M
2015-04,The Elder Scrolls V: Skyrim,PlayStation,45891,81210,N/A,4.1M
2015-04,Call of Duty: Black Ops II,Xbox,41309,69451,N/A,2.6M
2015-04,The Elder Scrolls V: Skyrim,PC,47075,95732,N/A,4.5M
2015-04,GTA V,Xbox,52708,67612,N/A,2.0M
2015-04,GTA V,PlayStation,81874,115207,N/A,4.6M
2015-04,Call of Duty: Black Ops II,PC,40989,82357,N/A,1.8M
2015-05,Call of Duty: Black Ops II,PC,66714,74472,+62.8%,2.3M
2015-05,GTA V,PC,87187,119331,+8.7%,2.5M
2015-05,The Elder Scrolls V: Skyrim,Xbox,13440,33886,-81.2%,4.1M
2015-05,The Elder Scrolls V: Skyrim,PlayStation,40936,53630,-10.8%,4.2M
2015-05,GTA V,Xbox,40996,77651,-22.2%,2.4M
2015-05,GTA V,PlayStation,45157,87859,-44.8%,5.0M
2015-05,Call of Duty: Black Ops II,Xbox,55534,86134,+34.4%,3.0M
2015-05,Call of Duty: Black Ops II,PlayStation,42690,63605,+125.4%,2.4M
2015-05,The Elder Scrolls V: Skyrim,PC,92457,129279,+96.4%,4.9M
2015-06,GTA V,PC,12584,28855,-85.6%,2.8M
2015-06,The Elder Scrolls V: Skyrim,Xbox,90655,119094,+574.5%,4.4M
2015-06,Call of Duty: Black Ops II,Xbox,38439,40638,-30.8%,3.3M
2015-06,Call of Duty: Black Ops II,PlayStation,58800,98695,+37.7%,2.5M
2015-06,GTA V,Xbox,37035,81997,-9.7%,2.8M
2015-06,GTA V,PlayStation,88815,105408,+96.7%,5.4M
2015-06,The Elder Scrolls V: Skyrim,PlayStation,31736,65033,-22.5%,4.5M
2015-06,Call of Duty: Black Ops II,PC,83494,130903,+25.2%,2.6M
2015-06,The Elder Scrolls V: Skyrim,PC,80559,96283,-12.9%,5.3M
2015-07,Call of Duty: Black Ops II,Xbox,82412,126488,+114.4%,3.8M
2015-07,Call of Duty: Black Ops II,PlayStation,29489,70278,-49.8%,2.8M
2015-07,GTA V,PC,10048,24847,-20.2%,3.2M
2015-07,The Elder Scrolls V: Skyrim,PC,82103,126990,+1.9%,5.5M
2015-07,The Elder Scrolls V: Skyrim,Xbox,30923,51259,-65.9%,4.4M
2015-07,GTA V,Xbox,81943,88871,+121.3%,3.1M
2015-07,GTA V,PlayStation,32433,60339,-63.5%,5.7M
2015-07,Call of Duty: Black Ops II,PC,69301,89347,-17.0%,2.7M
2015-07,The Elder Scrolls V: Skyrim,PlayStation,63524,102309,+100.2%,4.8M
2015-08,Call of Duty: Black Ops II,Xbox,13213,62267,-84.0%,4.1M
2015-08,The Elder Scrolls V: Skyrim,PC,24959,31989,-69.6%,5.9M
2015-08,GTA V,Xbox,28612,37107,-65.1%,3.3M
2015-08,GTA V,PlayStation,97433,131151,+200.4%,6.1M
2015-08,The Elder Scrolls V: Skyrim,PlayStation,20074,28670,-68.4%,5.2M
2015-08,GTA V,PC,75847,119428,+654.8%,3.4M
2015-08,Call of Duty: Black Ops II,PC,89623,112183,+29.3%,3.0M
2015-08,The Elder Scrolls V: Skyrim,Xbox,33851,55203,+9.5%,4.5M
2015-08,Call of Duty: Black Ops II,PlayStation,10338,42193,-64.9%,3.3M
2015-09,The Elder Scrolls V: Skyrim,PlayStation,24982,41159,+24.4%,5.5M
2015-09,The Elder Scrolls V: Skyrim,Xbox,10151,51122,-70.0%,5.0M
2015-09,GTA V,PC,32496,64012,-57.2%,3.7M
2015-09,Call of Duty: Black Ops II,Xbox,95218,127201,+620.6%,4.5M
2015-09,The Elder Scrolls V: Skyrim,PC,23653,36137,-5.2%,6.2M
2015-09,Call of Duty: Black Ops II,PlayStation,15501,27735,+49.9%,3.6M
2015-09,GTA V,PlayStation,32672,80251,-66.5%,6.6M
2015-09,Call of Duty: Black Ops II,PC,94296,117133,+5.2%,3.3M
2015-09,GTA V,Xbox,66590,89773,+132.7%,3.6M
2015-10,GTA V,PC,75192,93921,+131.4%,3.9M
2015-10,GTA V,PlayStation,54402,76911,+66.5%,7.1M
2015-10,GTA V,Xbox,40249,47211,-39.6%,4.0M
2015-10,Call of Duty: Black Ops II,PC,15395,24854,-83.7%,3.6M
2015-10,The Elder Scrolls V: Skyrim,PlayStation,22312,69079,-10.7%,6.0M
2015-10,The Elder Scrolls V: Skyrim,PC,10185,23947,-56.9%,6.4M
2015-10,The Elder Scrolls V: Skyrim,Xbox,65584,77221,+546.1%,5.4M
2015-10,Call of Duty: Black Ops II,Xbox,43868,61529,-53.9%,4.7M
2015-10,Call of Duty: Black Ops II,PlayStation,96623,135579,+523.3%,3.9M
2015-11,GTA V,PC,33515,57663,-55.4%,4.1M
2015-11,The Elder Scrolls V: Skyrim,PlayStation,95502,137352,+328.0%,6.4M
2015-11,The Elder Scrolls V: Skyrim,Xbox,43597,56726,-33.5%,5.9M
2015-11,Call of Duty: Black Ops II,Xbox,30719,58798,-30.0%,4.8M
2015-11,GTA V,PlayStation,63230,72397,+16.2%,7.3M
2015-11,Call of Duty: Black Ops II,PlayStation,52537,87053,-45.6%,4.0M
2015-11,GTA V,Xbox,83143,105626,+106.6%,4.2M
2015-11,Call of Duty: Black Ops II,PC,72584,110607,+371.5%,4.0M
2015-11,The Elder Scrolls V: Skyrim,PC,71158,86242,+598.7%,6.5M
2015-12,The Elder Scrolls V: Skyrim,PlayStation,54853,101867,-42.6%,6.7M
2015-12,Call of Duty: Black Ops II,PlayStation,87621,124190,+66.8%,4.1M
2015-12,GTA V,PlayStation,86095,116498,+36.2%,7.6M
2015-12,The Elder Scrolls V: Skyrim,PC,14295,16268,-79.9%,7.0M
2015-12,GTA V,Xbox,79060,96557,-4.9%,4.5M
2015-12,The Elder Scrolls V: Skyrim,Xbox,70436,92249,+61.6%,6.1M
2015-12,Call of Duty: Black Ops II,Xbox,91047,105277,+196.4%,5.3M
2015-12,GTA V,PC,32300,67588,-3.6%,4.4M
2015-12,Call of Duty: Black Ops II,PC,76703,85595,+5.7%,4.2M
2016-01,The Elder Scrolls V: Skyrim,Xbox,93376,132623,+32.6%,6.4M
2016-01,GTA V,PlayStation,76798,87428,-10.8%,7.7M
2016-01,GTA V,Xbox,58989,75033,-25.4%,4.9M
2016-01,Call of Duty: Black Ops II,PlayStation,44016,79639,-49.8%,4.3M
2016-01,The Elder Scrolls V: Skyrim,PlayStation,99509,133571,+81.4%,7.0M
2016-01,The Elder Scrolls V: Skyrim,PC,67200,91244,+370.1%,7.1M
2016-01,Call of Duty: Black Ops II,PC,45656,93300,-40.5%,4.4M
2016-01,GTA V,PC,26421,48625,-18.2%,4.8M
2016-01,Call of Duty: Black Ops II,Xbox,68078,114240,-25.2%,5.5M
2016-02,Call of Duty: Black Ops II,PlayStation,51844,69315,+17.8%,4.7M
2016-02,GTA V,Xbox,65109,78778,+10.4%,5.2M
2016-02,The Elder Scrolls V: Skyrim,Xbox,65688,99473,-29.7%,6.9M
2016-02,GTA V,PlayStation,20063,26709,-73.9%,8.0M
2016-02,Call of Duty: Black Ops II,Xbox,22675,27919,-66.7%,5.7M
2016-02,The Elder Scrolls V: Skyrim,PC,63295,79126,-5.8%,7.4M
2016-02,Call of Duty: Black Ops II,PC,43152,48466,-5.5%,4.5M
2016-02,The Elder Scrolls V: Skyrim,PlayStation,71594,81661,-28.1%,7.2M
2016-02,GTA V,PC,29897,64455,+13.2%,4.9M
2016-03,GTA V,Xbox,29300,37570,-55.0%,5.4M
2016-03,The Elder Scrolls V: Skyrim,PlayStation,69016,90631,-3.6%,7.2M
2016-03,The Elder Scrolls V: Skyrim,Xbox,89658,94310,+36.5%,6.9M
2016-03,The Elder Scrolls V: Skyrim,PC,44248,94054,-30.1%,7.9M
2016-03,GTA V,PC,26624,75477,-10.9%,5.3M
2016-03,Call of Duty: Black Ops II,PlayStation,90486,130776,+74.5%,4.8M
2016-03,Call of Duty: Black Ops II,Xbox,62385,108767,+175.1%,6.2M
2016-03,Call of Duty: Black Ops II,PC,82176,130527,+90.4%,4.9M
2016-03,GTA V,PlayStation,37973,60986,+89.3%,8.1M
2016-04,GTA V,PC,47838,69565,+79.7%,5.7M
2016-04,The Elder Scrolls V: Skyrim,PC,39930,47547,-9.8%,8.0M
2016-04,Call of Duty: Black Ops II,PlayStation,81789,106668,-9.6%,4.8M
2016-04,The Elder Scrolls V: Skyrim,PlayStation,38684,84752,-43.9%,7.6M
2016-04,GTA V,PlayStation,21236,40763,-44.1%,8.3M
2016-04,GTA V,Xbox,87730,119386,+199.4%,5.7M
2016-04,Call of Duty: Black Ops II,Xbox,67855,108976,+8.8%,6.5M
2016-04,The Elder Scrolls V: Skyrim,Xbox,48302,51421,-46.1%,7.2M
2016-04,Call of Duty: Black Ops II,PC,79509,126239,-3.2%,5.1M
2016-05,The Elder Scrolls V: Skyrim,PC,72273,105700,+81.0%,8.4M
2016-05,The Elder Scrolls V: Skyrim,Xbox,82715,125275,+71.2%,7.4M
2016-05,GTA V,PC,39553,75875,-17.3%,6.0M
2016-05,GTA V,Xbox,10830,45357,-87.7%,5.8M
2016-05,Call of Duty: Black Ops II,PC,15292,37541,-80.8%,5.5M
2016-05,The Elder Scrolls V: Skyrim,PlayStation,12681,29269,-67.2%,8.0M
2016-05,Call of Duty: Black Ops II,PlayStation,73205,92916,-10.5%,5.2M
2016-05,GTA V,PlayStation,59854,106336,+181.9%,8.5M
2016-05,Call of Duty: Black Ops II,Xbox,21054,24027,-69.0%,7.0M
2016-06,Call of Duty: Black Ops II,Xbox,37546,44052,+78.3%,7.2M
2016-06,The Elder Scrolls V: Skyrim,PC,87122,134782,+20.5%,8.5M
2016-06,The Elder Scrolls V: Skyrim,Xbox,34698,59722,-58.1%,7.5M
2016-06,GTA V,Xbox,35791,50503,+230.5%,6.0M
2016-06,Call of Duty: Black Ops II,PlayStation,40529,64432,-44.6%,5.6M
2016-06,The Elder Scrolls V: Skyrim,PlayStation,88680,90894,+599.3%,8.1M
2016-06,Call of Duty: Black Ops II,PC,88661,123491,+479.8%,5.6M
2016-06,GTA V,PC,16848,43373,-57.4%,6.4M
2016-06,GTA V,PlayStation,82857,100750,+38.4%,8.9M
2016-07,GTA V,PlayStation,90281,133807,+9.0%,9.0M
2016-07,The Elder Scrolls V: Skyrim,Xbox,46054,55708,+32.7%,7.8M
2016-07,The Elder Scrolls V: Skyrim,PlayStation,79698,106924,-10.1%,8.5M
2016-07,The Elder Scrolls V: Skyrim,PC,63556,100618,-27.0%,8.8M
2016-07,GTA V,Xbox,69914,91678,+95.3%,6.1M
2016-07,Call of Duty: Black Ops II,PlayStation,82075,119956,+102.5%,5.8M
2016-07,Call of Duty: Black Ops II,PC,42629,92334,-51.9%,5.9M
2016-07,GTA V,PC,77211,83099,+358.3%,6.7M
2016-07,Call of Duty: Black Ops II,Xbox,93498,109795,+149.0%,7.3M
2016-08,The Elder Scrolls V: Skyrim,Xbox,95217,105693,+106.8%,7.8M
2016-08,GTA V,Xbox,61562,63939,-11.9%,6.1M
2016-08,The Elder Scrolls V: Skyrim,PlayStation,52412,78260,-34.2%,8.7M
2016-08,Call of Duty: Black Ops II,PlayStation,81694,92891,-0.5%,5.9M
2016-08,GTA V,PC,70637,101228,-8.5%,7.0M
2016-08,The Elder Scrolls V: Skyrim,PC,66374,79843,+4.4%,9.2M
2016-08,Call of Duty: Black Ops II,Xbox,21903,68241,-76.6%,7.6M
2016-08,Call of Duty: Black Ops II,PC,59776,68560,+40.2%,6.4M
2016-08,GTA V,PlayStation,73407,90930,-18.7%,9.4M
2016-09,GTA V,Xbox,41682,50291,-32.3%,6.3M
2016-09,The Elder Scrolls V: Skyrim,Xbox,91721,122312,-3.7%,7.9M
2016-09,GTA V,PlayStation,84625,117165,+15.3%,9.8M
2016-09,The Elder Scrolls V: Skyrim,PlayStation,26542,65883,-49.4%,8.8M
2016-09,GTA V,PC,20997,53839,-70.3%,7.3M
2016-09,The Elder Scrolls V: Skyrim,PC,85814,122146,+29.3%,9.5M
2016-09,Call of Duty: Black Ops II,Xbox,78528,82703,+258.5%,7.8M
2016-09,Call of Duty: Black Ops II,PlayStation,49704,90029,-39.2%,6.0M
2016-09,Call of Duty: Black Ops II,PC,93018,108930,+55.6%,6.6M
2016-10,The Elder Scrolls V: Skyrim,PC,31884,56679,-62.8%,10.0M
2016-10,Call of Duty: Black Ops II,Xbox,56915,95811,-27.5%,8.2M
2016-10,The Elder Scrolls V: Skyrim,Xbox,65227,98604,-28.9%,8.3M
2016-10,Call of Duty: Black Ops II,PC,37812,56866,-59.3%,6.6M
2016-10,GTA V,PlayStation,36512,70809,-56.9%,10.3M
2016-10,GTA V,PC,95474,142966,+354.7%,7.7M
2016-10,GTA V,Xbox,29862,54284,-28.4%,6.5M
2016-10,Call of Duty: Black Ops II,PlayStation,82610,111039,+66.2%,6.4M
2016-10,The Elder Scrolls V: Skyrim,PlayStation,78023,85291,+194.0%,9.2M
2016-11,Call of Duty: Black Ops II,PC,60781,108221,+60.7%,6.7M
2016-11,The Elder Scrolls V: Skyrim,PC,98237,137535,+208.1%,10.1M
2016-11,GTA V,PC,41447,88651,-56.6%,8.1M
2016-11,The Elder Scrolls V: Skyrim,Xbox,74940,83747,+14.9%,8.4M
2016-11,GTA V,PlayStation,82564,84898,+126.1%,10.7M
2016-11,GTA V,Xbox,52347,81712,+75.3%,6.8M
2016-11,Call of Duty: Black Ops II,PlayStation,29202,63679,-64.7%,6.8M
2016-11,Call of Duty: Black Ops II,Xbox,54235,79515,-4.7%,8.5M
2016-11,The Elder Scrolls V: Skyrim,PlayStation,62675,93714,-19.7%,9.3M
2016-12,The Elder Scrolls V: Skyrim,Xbox,15752,22281,-79.0%,8.8M
2016-12,The Elder Scrolls V: Skyrim,PlayStation,27593,67971,-56.0%,9.4M
2016-12,GTA V,PC,92690,137363,+123.6%,8.3M
2016-12,The Elder Scrolls V: Skyrim,PC,32268,67616,-67.2%,10.2M
2016-12,Call of Duty: Black Ops II,PlayStation,98298,138661,+236.6%,7.2M
2016-12,GTA V,PlayStation,36930,69036,-55.3%,10.9M
2016-12,Call of Duty: Black Ops II,PC,57754,87724,-5.0%,6.8M
2016-12,Call of Duty: Black Ops II,Xbox,78862,121266,+45.4%,8.7M
2016-12,GTA V,Xbox,55608,80198,+6.2%,6.9M
2017-01,The Elder Scrolls V: Skyrim,PC,36930,72653,+14.4%,10.6M
2017-01,Call of Duty: Black Ops II,Xbox,39950,80140,-49.3%,9.2M
2017-01,GTA V,PC,89781,97528,-3.1%,8.7M
2017-01,GTA V,PlayStation,23507,72678,-36.3%,11.1M
2017-01,Call of Duty: Black Ops II,PC,92288,129874,+59.8%,7.3M
2017-01,Call of Duty: Black Ops II,PlayStation,75587,115249,-23.1%,7.6M
2017-01,GTA V,Xbox,22297,62043,-59.9%,7.3M
2017-01,The Elder Scrolls V: Skyrim,PlayStation,97236,146656,+252.4%,9.9M
2017-01,The Elder Scrolls V: Skyrim,Xbox,14292,25726,-9.3%,8.9M
2017-02,GTA V,PlayStation,85723,105354,+264.7%,11.3M
2017-02,Call of Duty: Black Ops II,Xbox,45012,73263,+12.7%,9.6M
2017-02,Call of Duty: Black Ops II,PC,43851,49309,-52.5%,7.5M
2017-02,The Elder Scrolls V: Skyrim,Xbox,26198,70801,+83.3%,9.1M
2017-02,Call of Duty: Black Ops II,PlayStation,70064,71873,-7.3%,7.7M
2017-02,The Elder Scrolls V: Skyrim,PC,33902,57797,-8.2%,10.7M
2017-02,GTA V,PC,47387,73063,-47.2%,9.1M
2017-02,GTA V,Xbox,38949,71722,+74.7%,7.4M
2017-02,The Elder Scrolls V: Skyrim,PlayStation,52121,53566,-46.4%,10.1M
2017-03,GTA V,Xbox,24382,44001,-37.4%,7.6M
2017-03,The Elder Scrolls V: Skyrim,PlayStation,71080,116823,+36.4%,10.3M
2017-03,The Elder Scrolls V: Skyrim,PC,55300,69019,+63.1%,11.1M
2017-03,Call of Duty: Black Ops II,PC,14597,58476,-66.7%,8.0M
2017-03,GTA V,PlayStation,47116,95291,-45.0%,11.5M
2017-03,Call of Duty: Black Ops II,Xbox,81058,120309,+80.1%,9.9M
2017-03,Call of Duty: Black Ops II,PlayStation,11018,31051,-84.3%,8.2M
2017-03,GTA V,PC,60546,83939,+27.8%,9.5M
2017-03,The Elder Scrolls V: Skyrim,Xbox,54702,89069,+108.8%,9.3M
2017-04,GTA V,PC,87153,103494,+43.9%,9.8M
2017-04,GTA V,Xbox,40635,79891,+66.7%,8.0M
2017-04,The Elder Scrolls V: Skyrim,Xbox,21804,65491,-60.1%,9.7M
2017-04,Call of Duty: Black Ops II,Xbox,70697,113883,-12.8%,10.3M
2017-04,Call of Duty: Black Ops II,PlayStation,14550,61317,+32.1%,8.5M
2017-04,Call of Duty: Black Ops II,PC,69140,89850,+373.7%,8.2M
2017-04,The Elder Scrolls V: Skyrim,PlayStation,17704,43873,-75.1%,10.5M
2017-04,GTA V,PlayStation,43812,91650,-7.0%,11.6M
2017-04,The Elder Scrolls V: Skyrim,PC,64852,91371,+17.3%,11.4M
2017-05,Call of Duty: Black Ops II,Xbox,43514,47575,-38.5%,10.5M
2017-05,The Elder Scrolls V: Skyrim,PlayStation,26315,44315,+48.6%,10.7M
2017-05,Call of Duty: Black Ops II,PlayStation,93118,122454,+540.0%,8.7M
2017-05,GTA V,Xbox,88088,129833,+116.8%,8.5M
2017-05,The Elder Scrolls V: Skyrim,PC,59035,102641,-9.0%,11.8M
2017-05,GTA V,PC,71168,77119,-18.3%,10.1M
2017-05,Call of Duty: Black Ops II,PC,85005,97018,+22.9%,8.6M
2017-05,The Elder Scrolls V: Skyrim,Xbox,50377,97724,+131.0%,10.2M
2017-05,GTA V,PlayStation,36111,82121,-17.6%,11.7M
2017-06,Call of Duty: Black Ops II,PC,22549,33175,-73.5%,9.0M
2017-06,GTA V,Xbox,63524,96012,-27.9%,8.9M
2017-06,Call of Duty: Black Ops II,Xbox,26469,75984,-39.2%,10.9M
2017-06,GTA V,PC,92642,111452,+30.2%,10.4M
2017-06,GTA V,PlayStation,86178,104013,+138.6%,11.9M
2017-06,The Elder Scrolls V: Skyrim,PC,62000,78359,+5.0%,12.1M
2017-06,Call of Duty: Black Ops II,PlayStation,27517,35544,-70.4%,8.9M
2017-06,The Elder Scrolls V: Skyrim,Xbox,42586,51210,-15.5%,10.3M
2017-06,The Elder Scrolls V: Skyrim,PlayStation,79906,85734,+203.7%,11.1M
2017-07,GTA V,PlayStation,88991,90390,+3.3%,12.1M
2017-07,The Elder Scrolls V: Skyrim,PC,42454,61036,-31.5%,12.4M
2017-07,Call of Duty: Black Ops II,Xbox,35118,50534,+32.7%,11.2M
2017-07,Call of Duty: Black Ops II,PC,98158,137110,+335.3%,9.1M
2017-07,The Elder Scrolls V: Skyrim,Xbox,85295,113436,+100.3%,10.5M
2017-07,GTA V,Xbox,76993,96967,+21.2%,9.0M
2017-07,The Elder Scrolls V: Skyrim,PlayStation,18566,53081,-76.8%,11.2M
2017-07,GTA V,PC,24207,55054,-73.9%,10.6M
2017-07,Call of Duty: Black Ops II,PlayStation,75786,92111,+175.4%,9.2M
2017-08,GTA V,PC,48841,82066,+101.8%,11.0M
2017-08,The Elder Scrolls V: Skyrim,PlayStation,89775,130514,+383.5%,11.4M
2017-08,GTA V,Xbox,41052,48452,-46.7%,9.1M
2017-08,GTA V,PlayStation,46703,85480,-47.5%,12.2M
2017-08,Call of Duty: Black Ops II,PC,36938,53034,-62.4%,9.3M
2017-08,The Elder Scrolls V: Skyrim,PC,57909,76368,+36.4%,12.6M
2017-08,Call of Duty: Black Ops II,PlayStation,29732,66870,-60.8%,9.6M
2017-08,Call of Duty: Black Ops II,Xbox,40343,65592,+14.9%,11.6M
2017-08,The Elder Scrolls V: Skyrim,Xbox,93398,136044,+9.5%,10.7M
2017-09,Call of Duty: Black Ops II,PC,71307,119658,+93.0%,9.6M
2017-09,GTA V,Xbox,24033,66533,-41.5%,9.3M
2017-09,The Elder Scrolls V: Skyrim,Xbox,91037,123402,-2.5%,11.2M
2017-09,GTA V,PC,36960,68011,-24.3%,11.5M
2017-09,The Elder Scrolls V: Skyrim,PlayStation,92395,93430,+2.9%,11.8M
2017-09,GTA V,PlayStation,53900,66274,+15.4%,12.4M
2017-09,Call of Duty: Black Ops II,Xbox,13551,16057,-66.4%,11.9M
2017-09,Call of Duty: Black Ops II,PlayStation,87978,117811,+195.9%,9.8M
2017-09,The Elder Scrolls V: Skyrim,PC,34001,62959,-41.3%,12.9M
2017-10,The Elder Scrolls V: Skyrim,Xbox,38387,48582,-57.8%,11.4M
2017-10,Call of Duty: Black Ops II,Xbox,53292,65129,+293.3%,12.2M
2017-10,GTA V,Xbox,19734,51276,-17.9%,9.8M
2017-10,The Elder Scrolls V: Skyrim,PC,13702,54073,-59.7%,13.4M
2017-10,Call of Duty: Black Ops II,PlayStation,18555,42835,-78.9%,10.2M
2017-10,Call of Duty: Black Ops II,PC,90594,115880,+27.0%,9.9M
2017-10,GTA V,PlayStation,27059,46683,-49.8%,12.9M
2017-10,The Elder Scrolls V: Skyrim,PlayStation,80129,123374,-13.3%,11.9M
2017-10,GTA V,PC,93589,104818,+153.2%,11.8M
2017-11,Call of Duty: Black Ops II,PlayStation,86165,116015,+364.4%,10.3M
2017-11,GTA V,PlayStation,26136,33557,-3.4%,13.2M
2017-11,The Elder Scrolls V: Skyrim,PC,88056,107008,+542.7%,13.6M
2017-11,Call of Duty: Black Ops II,PC,55128,103302,-39.1%,10.3M
2017-11,The Elder Scrolls V: Skyrim,Xbox,27216,30384,-29.1%,11.5M
2017-11,The Elder Scrolls V: Skyrim,PlayStation,95661,121155,+19.4%,12.4M
2017-11,GTA V,Xbox,23040,49493,+16.8%,9.8M
2017-11,Call of Duty: Black Ops II,Xbox,93361,112691,+75.2%,12.4M
2017-11,GTA V,PC,52092,78014,-44.3%,12.0M
2017-12,The Elder Scrolls V: Skyrim,PC,70052,98970,-20.4%,13.8M
2017-12,GTA V,Xbox,21579,23652,-6.3%,10.0M
2017-12,Call of Duty: Black Ops II,Xbox,94106,125193,+0.8%,12.6M
2017-12,The Elder Scrolls V: Skyrim,Xbox,92801,133964,+241.0%,11.8M
2017-12,The Elder Scrolls V: Skyrim,PlayStation,93652,114218,-2.1%,12.7M
2017-12,Call of Duty: Black Ops II,PlayStation,25213,49242,-70.7%,10.5M
2017-12,Call of Duty: Black Ops II,PC,68871,75663,+24.9%,10.4M
2017-12,GTA V,PC,64486,85587,+23.8%,12.4M
2017-12,GTA V,PlayStation,73815,84146,+182.4%,13.4M
2018-01,GTA V,PlayStation,92915,97501,+25.9%,13.7M
2018-01,The Elder Scrolls V: Skyrim,PlayStation,55800,105739,-40.4%,12.9M
2018-01,Call of Duty: Black Ops II,PlayStation,24747,47757,-1.8%,10.7M
2018-01,GTA V,PC,67942,103594,+5.4%,12.9M
2018-01,Call of Duty: Black Ops II,PC,89145,121138,+29.4%,10.5M
2018-01,The Elder Scrolls V: Skyrim,PC,27209,40812,-61.2%,14.1M
2018-01,GTA V,Xbox,15291,59639,-29.1%,10.2M
2018-01,Call of Duty: Black Ops II,Xbox,21901,46131,-76.7%,12.8M
2018-01,The Elder Scrolls V: Skyrim,Xbox,67108,90454,-27.7%,12.0M
2018-02,GTA V,PC,64105,66851,-5.6%,13.4M
2018-02,The Elder Scrolls V: Skyrim,PC,96031,118892,+252.9%,14.6M
2018-02,Call of Duty: Black Ops II,PC,83963,104113,-5.8%,10.7M
2018-02,Call of Duty: Black Ops II,PlayStation,48737,53458,+96.9%,11.0M
2018-02,The Elder Scrolls V: Skyrim,Xbox,51191,70376,-23.7%,12.1M
2018-02,GTA V,PlayStation,29825,76848,-67.9%,14.1M
2018-02,Call of Duty: Black Ops II,Xbox,24600,73947,+12.3%,13.0M
2018-02,The Elder Scrolls V: Skyrim,PlayStation,75482,108455,+35.3%,13.0M
2018-02,GTA V,Xbox,57053,62491,+273.1%,10.6M
2018-03,The Elder Scrolls V: Skyrim,PlayStation,87460,96889,+15.9%,13.4M
2018-03,GTA V,PlayStation,87667,110775,+193.9%,14.4M
2018-03,GTA V,Xbox,77261,102134,+35.4%,10.9M
2018-03,Call of Duty: Black Ops II,Xbox,50256,95868,+104.3%,13.1M
2018-03,Call of Duty: Black Ops II,PlayStation,41967,55999,-13.9%,11.1M
2018-03,The Elder Scrolls V: Skyrim,Xbox,97072,136811,+89.6%,12.5M
2018-03,The Elder Scrolls V: Skyrim,PC,19044,31492,-80.2%,14.9M
2018-03,Call of Duty: Black Ops II,PC,97477,130093,+16.1%,11.0M
2018-03,GTA V,PC,26237,42800,-59.1%,13.8M
2018-04,Call of Duty: Black Ops II,Xbox,45851,93266,-8.8%,13.4M
2018-04,GTA V,PC,41169,52464,+56.9%,14.0M
2018-04,GTA V,PlayStation,87649,133105,-0.0%,14.7M
2018-04,Call of Duty: Black Ops II,PC,26969,38765,-72.3%,11.1M
2018-04,The Elder Scrolls V: Skyrim,PC,53500,63644,+180.9%,15.3M
2018-04,The Elder Scrolls V: Skyrim,Xbox,33738,60994,-65.2%,12.9M
2018-04,GTA V,Xbox,39377,61335,-49.0%,11.2M
2018-04,The Elder Scrolls V: Skyrim,PlayStation,96519,112580,+10.4%,13.5M
2018-04,Call of Duty: Black Ops II,PlayStation,17003,23884,-59.5%,11.3M
2018-05,Call of Duty: Black Ops II,Xbox,82184,104128,+79.2%,13.5M
2018-05,Call of Duty: Black Ops II,PC,53833,98199,+99.6%,11.3M
2018-05,The Elder Scrolls V: Skyrim,PC,55790,87502,+4.3%,15.6M
2018-05,GTA V,PC,80933,113934,+96.6%,14.5M
2018-05,Call of Duty: Black Ops II,PlayStation,97936,129160,+476.0%,11.6M
2018-05,The Elder Scrolls V: Skyrim,PlayStation,73177,111237,-24.2%,13.6M
2018-05,GTA V,Xbox,38608,77331,-2.0%,11.4M
2018-05,GTA V,PlayStation,94907,134889,+8.3%,15.2M
2018-05,The Elder Scrolls V: Skyrim,Xbox,27248,42603,-19.2%,13.2M
2018-06,GTA V,PlayStation,76556,87724,-19.3%,15.7M
2018-06,GTA V,PC,18628,37820,-77.0%,14.6M
2018-06,The Elder Scrolls V: Skyrim,Xbox,37191,54433,+36.5%,13.3M
2018-06,Call of Duty: Black Ops II,PlayStation,48669,81462,-50.3%,12.0M
2018-06,Call of Duty: Black Ops II,PC,96895,136943,+80.0%,11.4M
2018-06,The Elder Scrolls V: Skyrim,PlayStation,22862,28875,-68.8%,14.0M
2018-06,The Elder Scrolls V: Skyrim,PC,39973,69109,-28.4%,16.1M
2018-06,Call of Duty: Black Ops II,Xbox,31016,52874,-62.3%,13.8M
2018-06,GTA V,Xbox,35883,77624,-7.1%,11.7M
2018-07,Call of Duty: Black Ops II,PC,11372,51298,-88.3%,11.7M
2018-07,The Elder Scrolls V: Skyrim,PlayStation,75362,87268,+229.6%,14.1M
2018-07,The Elder Scrolls V: Skyrim,Xbox,67511,86091,+81.5%,13.5M
2018-07,GTA V,Xbox,58248,75790,+62.3%,12.0M
2018-07,Call of Duty: Black Ops II,Xbox,16229,57956,-47.7%,14.1M
2018-07,The Elder Scrolls V: Skyrim,PC,64600,88318,+61.6%,16.5M
2018-07,GTA V,PC,70247,86510,+277.1%,14.7M
2018-07,GTA V,PlayStation,62401,92481,-18.5%,16.1M
2018-07,Call of Duty: Black Ops II,PlayStation,26115,58463,-46.3%,12.1M
2018-08,Call of Duty: Black Ops II,Xbox,42926,68417,+164.5%,14.5M
2018-08,The Elder Scrolls V: Skyrim,PlayStation,91211,103150,+21.0%,14.2M
2018-08,The Elder Scrolls V: Skyrim,PC,80864,118042,+25.2%,16.8M
2018-08,Call of Duty: Black Ops II,PlayStation,37115,84836,+42.1%,12.3M
2018-08,GTA V,Xbox,23393,25305,-59.8%,12.1M
2018-08,GTA V,PlayStation,74473,98106,+19.3%,16.2M
2018-08,Call of Duty: Black Ops II,PC,79517,97311,+599.2%,12.1M
2018-08,GTA V,PC,18392,56962,-73.8%,14.9M
2018-08,The Elder Scrolls V: Skyrim,Xbox,46802,69975,-30.7%,14.0M
2018-09,Call of Duty: Black Ops II,PC,94940,102544,+19.4%,12.5M
2018-09,Call of Duty: Black Ops II,PlayStation,16515,22868,-55.5%,12.4M
2018-09,The Elder Scrolls V: Skyrim,PC,97083,111169,+20.1%,16.9M
2018-09,The Elder Scrolls V: Skyrim,Xbox,53098,79916,+13.5%,14.1M
2018-09,Call of Duty: Black Ops II,Xbox,60209,89953,+40.3%,14.9M
2018-09,GTA V,PlayStation,76092,109932,+2.2%,16.4M
2018-09,The Elder Scrolls V: Skyrim,PlayStation,28202,50985,-69.1%,14.7M
2018-09,GTA V,PC,42318,86403,+130.1%,15.4M
2018-09,GTA V,Xbox,60687,86423,+159.4%,12.5M
2018-10,GTA V,PC,76759,87100,+81.4%,15.6M
2018-10,Call of Duty: Black Ops II,Xbox,97222,112659,+61.5%,15.1M
2018-10,The Elder Scrolls V: Skyrim,PC,93637,139486,-3.5%,17.2M
2018-10,Call of Duty: Black Ops II,PlayStation,23153,56799,+40.2%,12.6M
2018-10,GTA V,PlayStation,61682,91487,-18.9%,16.6M
2018-10,The Elder Scrolls V: Skyrim,Xbox,89673,112983,+68.9%,14.4M
2018-10,GTA V,Xbox,65569,99490,+8.0%,12.7M
2018-10,Call of Duty: Black Ops II,PC,89828,114057,-5.4%,13.0M
2018-10,The Elder Scrolls V: Skyrim,PlayStation,34753,76451,+23.2%,15.1M
2018-11,Call of Duty: Black Ops II,PC,88012,119229,-2.0%,13.1M
2018-11,Call of Duty: Black Ops II,PlayStation,69419,113203,+199.8%,13.1M
2018-11,GTA V,PC,42739,66842,-44.3%,15.7M
2018-11,The Elder Scrolls V: Skyrim,Xbox,35288,61199,-60.6%,14.8M
2018-11,The Elder Scrolls V: Skyrim,PlayStation,54192,64924,+55.9%,15.2M
2018-11,The Elder Scrolls V: Skyrim,PC,12677,27789,-86.5%,17.3M
2018-11,Call of Duty: Black Ops II,Xbox,91876,131951,-5.5%,15.6M
2018-11,GTA V,Xbox,15660,38663,-76.1%,12.8M
2018-11,GTA V,PlayStation,32127,75872,-47.9%,16.7M
2018-12,GTA V,Xbox,59762,102113,+281.6%,13.1M
2018-12,GTA V,PC,48457,78727,+13.4%,15.9M
2018-12,Call of Duty: Black Ops II,PlayStation,48194,83664,-30.6%,13.2M
2018-12,The Elder Scrolls V: Skyrim,PlayStation,14507,62631,-73.2%,15.5M
2018-12,Call of Duty: Black Ops II,PC,21419,32862,-75.7%,13.5M
2018-12,GTA V,PlayStation,23485,24622,-26.9%,16.9M
2018-12,The Elder Scrolls V: Skyrim,PC,11920,43476,-6.0%,17.5M
2018-12,Call of Duty: Black Ops II,Xbox,38568,74173,-58.0%,16.0M
2018-12,The Elder Scrolls V: Skyrim,Xbox,48055,74589,+36.2%,15.1M
2019-01,GTA V,Xbox,97476,112367,+63.1%,13.2M
2019-01,GTA V,PlayStation,28251,56194,+20.3%,17.3M
2019-01,The Elder Scrolls V: Skyrim,PC,22623,33806,+89.8%,17.6M
2019-01,Call of Duty: Black Ops II,Xbox,47589,63029,+23.4%,16.1M
2019-01,GTA V,PC,19199,48670,-60.4%,16.4M
2019-01,Call of Duty: Black Ops II,PC,67030,110840,+212.9%,13.7M
2019-01,The Elder Scrolls V: Skyrim,PlayStation,26230,50918,+80.8%,15.8M
2019-01,Call of Duty: Black Ops II,PlayStation,83725,115307,+73.7%,13.6M
2019-01,The Elder Scrolls V: Skyrim,Xbox,55360,94631,+15.2%,15.6M
2019-02,GTA V,PC,22949,29250,+19.5%,16.4M
2019-02,The Elder Scrolls V: Skyrim,Xbox,24827,67920,-55.2%,15.9M
2019-02,Call of Duty: Black Ops II,PlayStation,56058,91796,-33.0%,13.8M
2019-02,GTA V,PlayStation,87960,92603,+211.4%,17.5M
2019-02,GTA V,Xbox,47387,61933,-51.4%,13.5M
2019-02,The Elder Scrolls V: Skyrim,PlayStation,16578,32193,-36.8%,16.1M
2019-02,Call of Duty: Black Ops II,PC,84924,118826,+26.7%,13.8M
2019-02,Call of Duty: Black Ops II,Xbox,83470,102023,+75.4%,16.3M
2019-02,The Elder Scrolls V: Skyrim,PC,67193,102895,+197.0%,18.0M
2019-03,GTA V,PC,61201,102869,+166.7%,16.6M
2019-03,Call of Duty: Black Ops II,Xbox,96221,99003,+15.3%,16.7M
2019-03,The Elder Scrolls V: Skyrim,PlayStation,89216,98314,+438.2%,16.5M
2019-03,GTA V,PlayStation,30507,35856,-65.3%,17.8M
2019-03,Call of Duty: Black Ops II,PC,18964,46828,-77.7%,13.9M
2019-03,Call of Duty: Black Ops II,PlayStation,65482,98177,+16.8%,14.2M
2019-03,GTA V,Xbox,10224,18056,-78.4%,13.9M
2019-03,The Elder Scrolls V: Skyrim,PC,27677,42668,-58.8%,18.3M
2019-03,The Elder Scrolls V: Skyrim,Xbox,63238,103578,+154.7%,16.2M
2019-04,GTA V,PlayStation,93819,135759,+207.5%,18.1M
2019-04,Call of Duty: Black Ops II,PlayStation,26578,48239,-59.4%,14.4M
2019-04,The Elder Scrolls V: Skyrim,PlayStation,93513,131237,+4.8%,16.7M
2019-04,The Elder Scrolls V: Skyrim,Xbox,84227,116599,+33.2%,16.5M
2019-04,GTA V,PC,34480,80546,-43.7%,16.9M
2019-04,Call of Duty: Black Ops II,PC,75129,103664,+296.2%,14.1M
2019-04,Call of Duty: Black Ops II,Xbox,74362,84356,-22.7%,17.0M
2019-04,The Elder Scrolls V: Skyrim,PC,40914,45072,+47.8%,18.8M
2019-04,GTA V,Xbox,87816,115784,+758.9%,14.0M
2019-05,Call of Duty: Black Ops II,PC,11099,35596,-85.2%,14.5M
2019-05,GTA V,Xbox,70607,77323,-19.6%,14.5M
2019-05,Call of Duty: Black Ops II,PlayStation,89946,109179,+238.4%,14.5M
2019-05,Call of Duty: Black Ops II,Xbox,29488,60363,-60.3%,17.3M
2019-05,The Elder Scrolls V: Skyrim,Xbox,36037,82591,-57.2%,16.7M
2019-05,The Elder Scrolls V: Skyrim,PlayStation,79464,99419,-15.0%,17.2M
2019-05,GTA V,PC,32959,78847,-4.4%,17.2M
2019-05,GTA V,PlayStation,57476,64918,-38.7%,18.3M
2019-05,The Elder Scrolls V: Skyrim,PC,92170,100562,+125.3%,19.0M
2019-06,The Elder Scrolls V: Skyrim,Xbox,16452,19729,-54.3%,17.2M
2019-06,Call of Duty: Black Ops II,PlayStation,68277,102243,-24.1%,14.6M
2019-06,GTA V,PC,20874,38191,-36.7%,17.6M
2019-06,GTA V,Xbox,90970,128325,+28.8%,14.7M
2019-06,The Elder Scrolls V: Skyrim,PlayStation,87087,98089,+9.6%,17.3M
2019-06,The Elder Scrolls V: Skyrim,PC,69629,71791,-24.5%,19.4M
2019-06,Call of Duty: Black Ops II,Xbox,72615,107801,+146.3%,17.7M
2019-06,Call of Duty: Black Ops II,PC,43038,91548,+287.8%,14.6M
2019-06,GTA V,PlayStation,77503,88234,+34.8%,18.7M
2019-07,The Elder Scrolls V: Skyrim,Xbox,91341,93224,+455.2%,17.6M
2019-07,GTA V,PC,72124,86501,+245.5%,17.9M
2019-07,Call of Duty: Black Ops II,PlayStation,53323,84862,-21.9%,15.0M
2019-07,Call of Duty: Black Ops II,PC,37560,42734,-12.7%,14.8M
2019-07,The Elder Scrolls V: Skyrim,PlayStation,58157,104045,-33.2%,17.4M
2019-07,The Elder Scrolls V: Skyrim,PC,94705,112105,+36.0%,19.8M
2019-07,Call of Duty: Black Ops II,Xbox,79255,93267,+9.1%,17.8M
2019-07,GTA V,PlayStation,84787,109296,+9.4%,18.8M
2019-07,GTA V,Xbox,96450,145462,+6.0%,15.1M
2019-08,GTA V,PlayStation,32294,58225,-61.9%,18.9M
2019-08,The Elder Scrolls V: Skyrim,PC,73565,118740,-22.3%,20.2M
2019-08,The Elder Scrolls V: Skyrim,PlayStation,99992,106916,+71.9%,17.9M
2019-08,Call of Duty: Black Ops II,Xbox,70726,120054,-10.8%,18.3M
2019-08,GTA V,Xbox,73008,99880,-24.3%,15.2M
2019-08,Call of Duty: Black Ops II,PlayStation,70183,78659,+31.6%,15.2M
2019-08,Call of Duty: Black Ops II,PC,24551,56403,-34.6%,15.1M
2019-08,GTA V,PC,36541,68660,-49.3%,18.0M
2019-08,The Elder Scrolls V: Skyrim,Xbox,70609,114940,-22.7%,17.9M
2019-09,GTA V,PlayStation,14770,32980,-54.3%,19.1M
2019-09,Call of Duty: Black Ops II,PlayStation,26984,62270,-61.6%,15.6M
2019-09,GTA V,PC,42850,69668,+17.3%,18.1M
2019-09,Call of Duty: Black Ops II,Xbox,91105,110063,+28.8%,18.6M
2019-09,Call of Duty: Black Ops II,PC,11331,31318,-53.8%,15.5M
2019-09,The Elder Scrolls V: Skyrim,PC,95722,100043,+30.1%,20.4M
2019-09,The Elder Scrolls V: Skyrim,PlayStation,53560,94159,-46.4%,18.4M
2019-09,The Elder Scrolls V: Skyrim,Xbox,24547,65875,-65.2%,18.1M
2019-09,GTA V,Xbox,26605,66151,-63.6%,15.4M
2019-10,Call of Duty: Black Ops II,PlayStation,69513,102897,+157.6%,16.0M
2019-10,The Elder Scrolls V: Skyrim,PC,93433,105822,-2.4%,20.7M
2019-10,GTA V,Xbox,98144,142492,+268.9%,15.9M
2019-10,The Elder Scrolls V: Skyrim,PlayStation,54237,69367,+1.3%,18.5M
2019-10,The Elder Scrolls V: Skyrim,Xbox,11081,15276,-54.9%,18.5M
2019-10,Call of Duty: Black Ops II,PC,37225,58377,+228.5%,15.9M
2019-10,Call of Duty: Black Ops II,Xbox,13713,37126,-84.9%,18.7M
2019-10,GTA V,PC,31575,59616,-26.3%,18.4M
2019-10,GTA V,PlayStation,59502,60759,+302.9%,19.2M
2019-11,GTA V,PlayStation,63298,99784,+6.4%,19.5M
2019-11,The Elder Scrolls V: Skyrim,PlayStation,42571,44868,-21.5%,18.6M
2019-11,Call of Duty: Black Ops II,PC,78430,105097,+110.7%,16.1M
2019-11,The Elder Scrolls V: Skyrim,PC,10967,39062,-88.3%,21.0M
2019-11,Call of Duty: Black Ops II,PlayStation,38723,55456,-44.3%,16.3M
2019-11,GTA V,Xbox,86342,113850,-12.0%,16.2M
2019-11,Red Dead Redemption 2,Xbox,48037,82163,N/A,4.9M
2019-11,GTA V,PC,56259,77635,+78.2%,18.7M
2019-11,Call of Duty: Black Ops II,Xbox,75414,113242,+449.9%,19.2M
2019-11,Red Dead Redemption 2,PC,21822,24703,N/A,4.9M
2019-11,The Elder Scrolls V: Skyrim,Xbox,41333,47311,+273.0%,18.8M
2019-11,Red Dead Redemption 2,PlayStation,68947,82528,N/A,4.5M
2019-12,GTA V,PlayStation,74211,122201,+17.2%,19.5M
2019-12,Call of Duty: Black Ops II,Xbox,56715,97379,-24.8%,19.3M
2019-12,Call of Duty: Black Ops II,PC,79528,105718,+1.4%,16.3M
2019-12,The Elder Scrolls V: Skyrim,Xbox,57864,88618,+40.0%,19.3M
2019-12,The Elder Scrolls V: Skyrim,PlayStation,53591,92043,+25.9%,19.0M
2019-12,Red Dead Redemption 2,Xbox,87010,112158,+81.1%,5.1M
2019-12,Call of Duty: Black Ops II,PlayStation,51732,58881,+33.6%,16.8M
2019-12,Red Dead Redemption 2,PlayStation,22418,64767,-67.5%,4.6M
2019-12,GTA V,Xbox,19907,37407,-76.9%,16.6M
2019-12,GTA V,PC,76646,109641,+36.2%,18.9M
2019-12,Red Dead Redemption 2,PC,24715,29543,+13.3%,5.3M
2019-12,The Elder Scrolls V: Skyrim,PC,57686,74200,+426.0%,21.4M
2020-01,Call of Duty: Black Ops II,PlayStation,80467,82329,+55.5%,17.2M
2020-01,GTA V,PC,18960,68148,-75.3%,19.2M
2020-01,Call of Duty: Black Ops II,Xbox,12535,16785,-77.9%,19.7M
2020-01,Call of Duty: Black Ops II,PC,39752,64041,-50.0%,16.3M
2020-01,Red Dead Redemption 2,PC,13147,57540,-46.8%,5.7M
2020-01,The Elder Scrolls V: Skyrim,Xbox,24606,46074,-57.5%,19.4M
2020-01,GTA V,Xbox,30916,45720,+55.3%,16.7M
2020-01,Red Dead Redemption 2,PlayStation,42219,85828,+88.3%,4.9M
2020-01,Red Dead Redemption 2,Xbox,26426,70058,-69.6%,5.5M
2020-01,The Elder Scrolls V: Skyrim,PC,29067,41824,-49.6%,21.9M
2020-01,GTA V,PlayStation,94666,106916,+27.6%,19.8M
2020-01,The Elder Scrolls V: Skyrim,PlayStation,84744,109315,+58.1%,19.4M
2020-02,The Elder Scrolls V: Skyrim,PlayStation,38676,86971,-54.4%,19.8M
2020-02,Red Dead Redemption 2,PC,99230,114077,+654.8%,6.0M
2020-02,Call of Duty: Black Ops II,PC,79044,108208,+98.8%,16.5M
2020-02,The Elder Scrolls V: Skyrim,Xbox,79469,129090,+223.0%,19.6M
2020-02,Red Dead Redemption 2,Xbox,30834,39653,+16.7%,5.7M
2020-02,GTA V,PlayStation,32985,51607,-65.2%,20.0M
2020-02,Red Dead Redemption 2,PlayStation,33696,78029,-20.2%,5.4M
2020-02,GTA V,PC,64203,83145,+238.6%,19.7M
2020-02,GTA V,Xbox,49095,55047,+58.8%,16.8M
2020-02,The Elder Scrolls V: Skyrim,PC,20047,66670,-31.0%,22.1M
2020-02,Call of Duty: Black Ops II,Xbox,24677,37169,+96.9%,19.9M
2020-02,Call of Duty: Black Ops II,PlayStation,38110,63720,-52.6%,17.5M
2020-03,Call of Duty: Warzone,PC,63382,80845,N/A,2.5M
2020-03,GTA V,Xbox,56502,63527,+15.1%,16.8M
2020-03,Red Dead Redemption 2,PlayStation,97702,122139,+190.0%,5.7M
2020-03,Call of Duty: Black Ops II,Xbox,86631,97121,+251.1%,20.1M
2020-03,Call of Duty: Warzone,Xbox,68212,94236,N/A,5.0M
2020-03,Call of Duty: Black Ops II,PlayStation,23639,70071,-38.0%,17.8M
2020-03,GTA V,PlayStation,52422,59859,+58.9%,20.3M
2020-03,Call of Duty: Warzone,PlayStation,22766,66533,N/A,3.0M
2020-03,Red Dead Redemption 2,Xbox,72532,94880,+135.2%,6.1M
2020-03,Red Dead Redemption 2,PC,48187,72856,-51.4%,6.4M
2020-03,The Elder Scrolls V: Skyrim,PlayStation,78895,119280,+104.0%,20.0M
2020-03,Call of Duty: Black Ops II,PC,25731,44986,-67.4%,17.0M
2020-03,The Elder Scrolls V: Skyrim,Xbox,46229,53922,-41.8%,19.6M
2020-03,GTA V,PC,86679,118488,+35.0%,20.0M
2020-03,The Elder Scrolls V: Skyrim,PC,23592,48835,+17.7%,22.3M
2020-04,Red Dead Redemption 2,PC,66392,101697,+37.8%,6.8M
2020-04,GTA V,Xbox,15341,42170,-72.8%,17.0M
2020-04,Call of Duty: Warzone,PC,10798,43177,-83.0%,2.8M
2020-04,The Elder Scrolls V: Skyrim,PC,46221,61812,+95.9%,22.5M
2020-04,Call of Duty: Warzone,PlayStation,73918,121841,+224.7%,3.4M
2020-04,Red Dead Redemption 2,PlayStation,53467,98981,-45.3%,5.9M
2020-04,Call of Duty: Warzone,Xbox,47288,57237,-30.7%,5.4M
2020-04,The Elder Scrolls V: Skyrim,Xbox,23945,43048,-48.2%,19.7M
2020-04,Red Dead Redemption 2,Xbox,80044,106671,+10.4%,6.5M
2020-04,Call of Duty: Black Ops II,PC,37099,71071,+44.2%,17.4M
2020-04,The Elder Scrolls V: Skyrim,PlayStation,24522,68868,-68.9%,20.1M
2020-04,Call of Duty: Black Ops II,PlayStation,75952,105047,+221.3%,18.2M
2020-04,GTA V,PC,95754,141235,+10.5%,20.2M
2020-04,Call of Duty: Black Ops II,Xbox,65985,108282,-23.8%,20.6M
2020-04,GTA V,PlayStation,84837,109202,+61.8%,20.5M
2020-05,Call of Duty: Black Ops II,PC,63354,105515,+70.8%,17.9M
2020-05,Call of Duty: Warzone,PlayStation,49724,96416,-32.7%,3.5M
2020-05,Call of Duty: Black Ops II,PlayStation,39485,48802,-48.0%,18.4M
2020-05,Red Dead Redemption 2,PlayStation,50021,95605,-6.4%,6.3M
2020-05,The Elder Scrolls V: Skyrim,Xbox,33697,59029,+40.7%,19.9M
2020-05,Call of Duty: Warzone,PC,35628,77447,+229.9%,3.0M
2020-05,The Elder Scrolls V: Skyrim,PC,89951,95402,+94.6%,23.0M
2020-05,Red Dead Redemption 2,PC,95324,117530,+43.6%,7.2M
2020-05,Call of Duty: Black Ops II,Xbox,54802,72231,-16.9%,20.7M
2020-05,GTA V,Xbox,39957,65753,+160.5%,17.5M
2020-05,GTA V,PC,93078,96032,-2.8%,20.4M
2020-05,GTA V,PlayStation,19294,61426,-77.3%,20.6M
2020-05,Red Dead Redemption 2,Xbox,99870,131794,+24.8%,6.9M
2020-05,Call of Duty: Warzone,Xbox,70739,78135,+49.6%,5.5M
2020-05,The Elder Scrolls V: Skyrim,PlayStation,84218,108441,+243.4%,20.2M
2020-06,Call of Duty: Warzone,PC,93516,99483,+162.5%,3.4M
2020-06,Call of Duty: Black Ops II,Xbox,71128,94773,+29.8%,20.7M
2020-06,Red Dead Redemption 2,PlayStation,30374,38778,-39.3%,6.8M
2020-06,Call of Duty: Black Ops II,PlayStation,66343,87956,+68.0%,18.9M
2020-06,Call of Duty: Warzone,Xbox,27444,35890,-61.2%,5.8M
2020-06,The Elder Scrolls V: Skyrim,PlayStation,78756,90125,-6.5%,20.5M
2020-06,Call of Duty: Black Ops II,PC,85018,92050,+34.2%,18.1M
2020-06,Red Dead Redemption 2,PC,48341,61864,-49.3%,7.4M
2020-06,GTA V,PC,74478,105627,-20.0%,20.4M
2020-06,The Elder Scrolls V: Skyrim,Xbox,62971,83563,+86.9%,19.9M
2020-06,Red Dead Redemption 2,Xbox,30502,39288,-69.5%,7.3M
2020-06,GTA V,PlayStation,58350,78956,+202.4%,20.9M
2020-06,GTA V,Xbox,75367,106286,+88.6%,17.5M
2020-06,Call of Duty: Warzone,PlayStation,34068,72318,-31.5%,3.9M
2020-06,The Elder Scrolls V: Skyrim,PC,49591,78786,-44.9%,23.1M
2020-07,Red Dead Redemption 2,PlayStation,99405,117204,+227.3%,6.9M
2020-07,Call of Duty: Warzone,PlayStation,13476,45448,-60.4%,4.2M
2020-07,GTA V,PlayStation,90980,103837,+55.9%,21.0M
2020-07,The Elder Scrolls V: Skyrim,PC,52678,69236,+6.2%,23.4M
2020-07,Call of Duty: Warzone,PC,77121,96122,-17.5%,3.8M
2020-07,GTA V,PC,68741,88765,-7.7%,20.8M
2020-07,Call of Duty: Black Ops II,Xbox,58271,82316,-18.1%,20.9M
2020-07,Red Dead Redemption 2,PC,75313,83541,+55.8%,7.5M
2020-07,Call of Duty: Black Ops II,PlayStation,42581,51232,-35.8%,19.3M
2020-07,Call of Duty: Black Ops II,PC,83233,119061,-2.1%,18.4M
2020-07,Call of Duty: Warzone,Xbox,35393,41247,+29.0%,6.1M
2020-07,The Elder Scrolls V: Skyrim,PlayStation,83787,97142,+6.4%,20.9M
2020-07,The Elder Scrolls V: Skyrim,Xbox,90970,139282,+44.5%,20.0M
2020-07,GTA V,Xbox,50404,89011,-33.1%,17.8M
2020-07,Red Dead Redemption 2,Xbox,47144,56603,+54.6%,7.5M
2020-08,Call of Duty: Warzone,Xbox,53479,84101,+51.1%,6.4M
2020-08,The Elder Scrolls V: Skyrim,PlayStation,50205,79646,-40.1%,21.0M
2020-08,GTA V,PC,40056,87422,-41.7%,20.9M
2020-08,Call of Duty: Warzone,PlayStation,97603,117640,+624.3%,4.4M
2020-08,The Elder Scrolls V: Skyrim,Xbox,61591,94633,-32.3%,20.5M
2020-08,GTA V,PlayStation,39971,85072,-56.1%,21.3M
2020-08,Red Dead Redemption 2,PC,21787,40661,-71.1%,7.7M
2020-08,GTA V,Xbox,29934,47306,-40.6%,18.2M
2020-08,Call of Duty: Black Ops II,PlayStation,36222,52572,-14.9%,19.6M
2020-08,The Elder Scrolls V: Skyrim,PC,67034,93562,+27.3%,23.7M
2020-08,Red Dead Redemption 2,PlayStation,29540,62795,-70.3%,7.1M
2020-08,Call of Duty: Black Ops II,PC,89985,136131,+8.1%,18.9M
2020-08,Red Dead Redemption 2,Xbox,18400,26669,-61.0%,7.9M
2020-08,Call of Duty: Warzone,PC,23477,30576,-69.6%,4.2M
2020-08,Call of Duty: Black Ops II,Xbox,88669,92336,+52.2%,21.1M
2020-09,Call of Duty: Warzone,Xbox,15945,51836,-70.2%,6.5M
2020-09,Red Dead Redemption 2,PlayStation,67164,114339,+127.4%,7.4M
2020-09,Call of Duty: Warzone,PC,50620,67190,+115.6%,4.4M
2020-09,GTA V,PC,23073,66285,-42.4%,21.3M
2020-09,Call of Duty: Warzone,PlayStation,36657,45425,-62.4%,4.8M
2020-09,The Elder Scrolls V: Skyrim,PlayStation,55122,66125,+9.8%,21.3M
2020-09,Call of Duty: Black Ops II,Xbox,39283,87173,-55.7%,21.3M
2020-09,The Elder Scrolls V: Skyrim,Xbox,47482,55095,-22.9%,21.0M
2020-09,Red Dead Redemption 2,Xbox,40460,47775,+119.9%,8.4M
2020-09,GTA V,PlayStation,22689,68248,-43.2%,21.6M
2020-09,Call of Duty: Black Ops II,PlayStation,90546,123528,+150.0%,19.7M
2020-09,The Elder Scrolls V: Skyrim,PC,10183,52145,-84.8%,24.0M
2020-09,Red Dead Redemption 2,PC,14374,37755,-34.0%,7.9M
2020-09,GTA V,Xbox,12485,21754,-58.3%,18.7M
2020-09,Call of Duty: Black Ops II,PC,16663,48985,-81.5%,19.3M
2020-10,Call of Duty: Warzone,PC,24797,32929,-51.0%,4.6M
2020-10,The Elder Scrolls V: Skyrim,Xbox,56903,91537,+19.8%,21.2M
2020-10,Red Dead Redemption 2,Xbox,23192,44102,-42.7%,8.7M
2020-10,Call of Duty: Warzone,PlayStation,21677,70439,-40.9%,4.9M
2020-10,Call of Duty: Black Ops II,PC,41072,65137,+146.5%,19.7M
2020-10,GTA V,PC,68833,73258,+198.3%,21.8M
2020-10,Call of Duty: Black Ops II,Xbox,84211,111548,+114.4%,21.8M
2020-10,The Elder Scrolls V: Skyrim,PC,77349,92448,+659.6%,24.1M
2020-10,The Elder Scrolls V: Skyrim,PlayStation,45579,79395,-17.3%,21.5M
2020-10,Call of Duty: Warzone,Xbox,77338,110907,+385.0%,6.7M
2020-10,Call of Duty: Black Ops II,PlayStation,34837,71783,-61.5%,20.0M
2020-10,Red Dead Redemption 2,PlayStation,15304,24279,-77.2%,7.9M
2020-10,Red Dead Redemption 2,PC,16780,20436,+16.7%,8.2M
2020-10,GTA V,PlayStation,12554,29197,-44.7%,21.6M
2020-10,GTA V,Xbox,72477,116122,+480.5%,19.0M
2020-11,The Elder Scrolls V: Skyrim,PlayStation,50757,75901,+11.4%,21.8M
2020-11,Call of Duty: Warzone,Xbox,85391,105889,+10.4%,6.8M
2020-11,GTA V,PlayStation,18083,39330,+44.0%,21.7M
2020-11,Red Dead Redemption 2,Xbox,37159,61484,+60.2%,8.9M
2020-11,Call of Duty: Black Ops II,PlayStation,85125,133893,+144.4%,20.4M
2020-11,Call of Duty: Warzone,PC,70728,118766,+185.2%,4.7M
2020-11,The Elder Scrolls V: Skyrim,PC,33092,81695,-57.2%,24.5M
2020-11,Call of Duty: Warzone,PlayStation,86143,95382,+297.4%,5.1M
2020-11,GTA V,PC,43939,92219,-36.2%,22.1M
2020-11,GTA V,Xbox,71935,88468,-0.7%,19.2M
2020-11,The Elder Scrolls V: Skyrim,Xbox,89729,119545,+57.7%,21.4M
2020-11,Call of Duty: Black Ops II,Xbox,79929,122501,-5.1%,22.0M
2020-11,Call of Duty: Black Ops II,PC,41401,58720,+0.8%,20.1M
2020-11,Red Dead Redemption 2,PlayStation,92332,124534,+503.3%,8.0M
2020-11,Red Dead Redemption 2,PC,54254,88360,+223.3%,8.5M
2020-12,GTA V,Xbox,30384,54886,-57.8%,19.6M
2020-12,Call of Duty: Warzone,PlayStation,56452,90989,-34.5%,5.5M
2020-12,Red Dead Redemption 2,Xbox,86687,94928,+133.3%,9.1M
2020-12,Red Dead Redemption 2,PlayStation,80169,122523,-13.2%,8.1M
2020-12,Call of Duty: Black Ops II,PlayStation,79658,121646,-6.4%,20.6M
2020-12,Call of Duty: Warzone,Xbox,53686,79366,-37.1%,6.9M
2020-12,Call of Duty: Black Ops II,PC,94252,108621,+127.7%,20.2M
2020-12,Call of Duty: Warzone,PC,74169,99581,+4.9%,5.2M
2020-12,GTA V,PC,91028,96145,+107.2%,22.5M
2020-12,The Elder Scrolls V: Skyrim,PlayStation,72954,91509,+43.7%,22.2M
2020-12,The Elder Scrolls V: Skyrim,PC,63326,83927,+91.4%,24.9M
2020-12,The Elder Scrolls V: Skyrim,Xbox,21565,29698,-76.0%,21.7M
2020-12,GTA V,PlayStation,51464,89241,+184.6%,21.9M
2020-12,Call of Duty: Black Ops II,Xbox,53877,92630,-32.6%,22.3M
2020-12,Red Dead Redemption 2,PC,55176,80930,+1.7%,8.8M
2021-01,Call of Duty: Black Ops II,PlayStation,64368,70439,-19.2%,21.0M
2021-01,Call of Duty: Warzone,PC,84398,99133,+13.8%,5.4M
2021-01,The Elder Scrolls V: Skyrim,PC,81597,110848,+28.9%,25.1M
2021-01,GTA V,PlayStation,52591,83421,+2.2%,22.0M
2021-01,Red Dead Redemption 2,Xbox,50917,83039,-41.3%,9.4M
2021-01,GTA V,Xbox,79626,109223,+162.1%,20.0M
2021-01,Red Dead Redemption 2,PlayStation,31373,43344,-60.9%,8.5M
2021-01,Call of Duty: Black Ops II,Xbox,59376,96992,+10.2%,22.5M
2021-01,GTA V,PC,32221,62799,-64.6%,22.8M
2021-01,The Elder Scrolls V: Skyrim,Xbox,33955,82119,+57.5%,22.1M
2021-01,Call of Duty: Warzone,PlayStation,74419,120235,+31.8%,5.7M
2021-01,The Elder Scrolls V: Skyrim,PlayStation,78898,91254,+8.1%,22.6M
2021-01,Red Dead Redemption 2,PC,61814,109145,+12.0%,8.9M
2021-01,Call of Duty: Warzone,Xbox,39440,88429,-26.5%,7.0M
2021-01,Call of Duty: Black Ops II,PC,71240,84136,-24.4%,20.6M
2021-02,GTA V,PlayStation,35027,78412,-33.4%,22.3M
2021-02,Red Dead Redemption 2,PlayStation,54767,74062,+74.6%,8.8M
2021-02,The Elder Scrolls V: Skyrim,Xbox,93244,122669,+174.6%,22.5M
2021-02,The Elder Scrolls V: Skyrim,PlayStation,84373,92873,+6.9%,23.1M
2021-02,Call of Duty: Warzone,PC,28313,61186,-66.5%,5.8M
2021-02,Red Dead Redemption 2,PC,91283,135789,+47.7%,9.0M
2021-02,The Elder Scrolls V: Skyrim,PC,82749,125754,+1.4%,25.3M
2021-02,Call of Duty: Warzone,Xbox,46352,49428,+17.5%,7.2M
2021-02,Call of Duty: Black Ops II,PC,44304,50790,-37.8%,20.7M
2021-02,GTA V,Xbox,90693,133253,+13.9%,20.0M
2021-02,Red Dead Redemption 2,Xbox,52009,80662,+2.1%,9.7M
2021-02,Call of Duty: Warzone,PlayStation,73646,95631,-1.0%,6.0M
2021-02,GTA V,PC,76540,100925,+137.5%,23.2M
2021-02,Call of Duty: Black Ops II,Xbox,38023,66712,-36.0%,22.8M
2021-02,Call of Duty: Black Ops II,PlayStation,83658,116365,+30.0%,21.4M
2021-03,Red Dead Redemption 2,PC,30570,58459,-66.5%,9.3M
2021-03,Call of Duty: Warzone,Xbox,26033,46645,-43.8%,7.3M
2021-03,Red Dead Redemption 2,Xbox,37209,75968,-28.5%,10.0M
2021-03,Call of Duty: Warzone,PC,87329,112422,+208.4%,5.9M
2021-03,Call of Duty: Warzone,PlayStation,32697,79872,-55.6%,6.2M
2021-03,Red Dead Redemption 2,PlayStation,38898,77006,-29.0%,8.9M
2021-03,Call of Duty: Black Ops II,Xbox,57777,67777,+52.0%,23.3M
2021-03,Call of Duty: Black Ops II,PlayStation,47972,57796,-42.7%,21.8M
2021-03,Call of Duty: Black Ops II,PC,50423,83842,+13.8%,21.1M
2021-03,GTA V,Xbox,84918,98757,-6.4%,20.2M
2021-03,The Elder Scrolls V: Skyrim,Xbox,28824,42177,-69.1%,22.8M
2021-03,GTA V,PC,35248,59011,-53.9%,23.7M
2021-03,The Elder Scrolls V: Skyrim,PC,24070,56053,-70.9%,25.7M
2021-03,GTA V,PlayStation,80815,124444,+130.7%,22.7M
2021-03,The Elder Scrolls V: Skyrim,PlayStation,90894,113180,+7.7%,23.2M
2021-04,Call of Duty: Warzone,Xbox,27323,44262,+5.0%,7.5M
2021-04,GTA V,PC,99755,120662,+183.0%,23.8M
2021-04,The Elder Scrolls V: Skyrim,PC,45564,63852,+89.3%,25.9M
2021-04,Call of Duty: Black Ops II,Xbox,40998,67945,-29.0%,23.7M
2021-04,Call of Duty: Black Ops II,PC,78905,111667,+56.5%,21.3M
2021-04,Call of Duty: Warzone,PlayStation,85960,115189,+162.9%,6.3M
2021-04,The Elder Scrolls V: Skyrim,Xbox,98848,131209,+242.9%,23.0M
2021-04,GTA V,Xbox,40220,51538,-52.6%,20.6M
2021-04,Call of Duty: Warzone,PC,91380,99630,+4.6%,6.1M
2021-04,Red Dead Redemption 2,PC,66990,97478,+119.1%,9.6M
2021-04,Call of Duty: Black Ops II,PlayStation,39851,85852,-16.9%,22.2M
2021-04,The Elder Scrolls V: Skyrim,PlayStation,41413,68647,-54.4%,23.4M
2021-04,Red Dead Redemption 2,PlayStation,32448,67641,-16.6%,9.3M
2021-04,Red Dead Redemption 2,Xbox,19252,40263,-48.3%,10.3M
2021-04,GTA V,PlayStation,96230,111381,+19.1%,22.9M
2021-05,Call of Duty: Black Ops II,PC,55047,69535,-30.2%,21.7M
2021-05,Call of Duty: Black Ops II,PlayStation,81550,129850,+104.6%,22.5M
2021-05,Call of Duty: Warzone,Xbox,24381,55072,-10.8%,7.6M
2021-05,Red Dead Redemption 2,PlayStation,91640,137425,+182.4%,9.4M
2021-05,GTA V,PC,26470,52035,-73.5%,24.2M
2021-05,Call of Duty: Black Ops II,Xbox,90871,113816,+121.6%,24.1M
2021-05,GTA V,PlayStation,27073,67466,-71.9%,23.2M
2021-05,The Elder Scrolls V: Skyrim,PlayStation,11875,32665,-71.3%,23.7M
2021-05,The Elder Scrolls V: Skyrim,Xbox,64165,73536,-35.1%,23.4M
2021-05,Call of Duty: Warzone,PC,52837,92185,-42.2%,6.3M
2021-05,Red Dead Redemption 2,PC,96640,133886,+44.3%,9.9M
2021-05,Call of Duty: Warzone,PlayStation,35756,46861,-58.4%,6.7M
2021-05,GTA V,Xbox,50129,90889,+24.6%,20.8M
2021-05,Red Dead Redemption 2,Xbox,15564,19198,-19.2%,10.6M
2021-05,The Elder Scrolls V: Skyrim,PC,73210,79490,+60.7%,26.1M
2021-06,Call of Duty: Warzone,Xbox,20245,59625,-17.0%,8.0M
2021-06,Red Dead Redemption 2,Xbox,44434,65349,+185.5%,10.9M
2021-06,Red Dead Redemption 2,PlayStation,98731,113678,+7.7%,9.6M
2021-06,Call of Duty: Black Ops II,PC,93960,140404,+70.7%,22.1M
2021-06,Call of Duty: Black Ops II,PlayStation,48455,92646,-40.6%,22.6M
2021-06,Red Dead Redemption 2,PC,80703,106764,-16.5%,10.0M
2021-06,Call of Duty: Warzone,PC,52078,100638,-1.4%,6.7M
2021-06,GTA V,PlayStation,10345,30687,-61.8%,23.4M
2021-06,The Elder Scrolls V: Skyrim,PC,21836,37307,-70.2%,26.5M
2021-06,GTA V,PC,46897,56060,+77.2%,24.5M
2021-06,The Elder Scrolls V: Skyrim,PlayStation,41174,65394,+246.7%,23.8M
2021-06,Call of Duty: Warzone,PlayStation,97404,119650,+172.4%,7.1M
2021-06,GTA V,Xbox,34722,60590,-30.7%,20.9M
2021-06,The Elder Scrolls V: Skyrim,Xbox,52062,86597,-18.9%,23.5M
2021-06,Call of Duty: Black Ops II,Xbox,55836,105677,-38.6%,24.5M
2021-07,Red Dead Redemption 2,PlayStation,23759,64339,-75.9%,10.1M
2021-07,Red Dead Redemption 2,PC,97270,99686,+20.5%,10.4M
2021-07,GTA V,PlayStation,48336,59423,+367.2%,23.6M
2021-07,Red Dead Redemption 2,Xbox,74612,110148,+67.9%,11.1M
2021-07,GTA V,Xbox,32035,62581,-7.7%,21.0M
2021-07,The Elder Scrolls V: Skyrim,PlayStation,61478,71483,+49.3%,24.1M
2021-07,Call of Duty: Black Ops II,PlayStation,59328,104300,+22.4%,23.1M
2021-07,Call of Duty: Warzone,PC,41832,73296,-19.7%,7.0M
2021-07,Call of Duty: Warzone,PlayStation,40042,86647,-58.9%,7.3M
2021-07,The Elder Scrolls V: Skyrim,PC,44274,90015,+102.8%,27.0M
2021-07,Call of Duty: Black Ops II,PC,88121,100671,-6.2%,22.2M
2021-07,Call of Duty: Black Ops II,Xbox,29457,45803,-47.2%,24.8M
2021-07,The Elder Scrolls V: Skyrim,Xbox,15295,51432,-70.6%,24.0M
2021-07,Call of Duty: Warzone,Xbox,68687,87682,+239.3%,8.2M
2021-07,GTA V,PC,52697,65016,+12.4%,24.9M
2021-08,Call of Duty: Warzone,PlayStation,80537,114645,+101.1%,7.4M
2021-08,The Elder Scrolls V: Skyrim,PC,35066,71093,-20.8%,27.3M
2021-08,GTA V,PlayStation,28457,49509,-41.1%,23.7M
2021-08,The Elder Scrolls V: Skyrim,Xbox,88994,98103,+481.9%,24.1M
2021-08,Call of Duty: Warzone,PC,91000,116616,+117.5%,7.2M
2021-08,Call of Duty: Black Ops II,PC,70397,108533,-20.1%,22.6M
2021-08,Red Dead Redemption 2,PC,48720,78761,-49.9%,10.7M
2021-08,GTA V,PC,97006,102281,+84.1%,25.2M
2021-08,Call of Duty: Warzone,Xbox,98132,135496,+42.9%,8.3M
2021-08,Red Dead Redemption 2,Xbox,15712,37264,-78.9%,11.6M
2021-08,Call of Duty: Black Ops II,PlayStation,95876,136583,+61.6%,23.4M
2021-08,Red Dead Redemption 2,PlayStation,91186,105030,+283.8%,10.5M
2021-08,Call of Duty: Black Ops II,Xbox,80223,86082,+172.3%,25.0M
2021-08,GTA V,Xbox,64893,110451,+102.6%,21.2M
2021-08,The Elder Scrolls V: Skyrim,PlayStation,88153,137279,+43.4%,24.2M
2021-09,Call of Duty: Warzone,PlayStation,52798,55285,-34.4%,7.5M
2021-09,Call of Duty: Warzone,PC,96531,122599,+6.1%,7.3M
2021-09,GTA V,PlayStation,79238,116176,+178.4%,23.9M
2021-09,Red Dead Redemption 2,PlayStation,33819,78337,-62.9%,10.7M
2021-09,Call of Duty: Black Ops II,Xbox,56720,98916,-29.3%,25.1M
2021-09,The Elder Scrolls V: Skyrim,Xbox,71202,74171,-20.0%,24.4M
2021-09,The Elder Scrolls V: Skyrim,PC,73690,97482,+110.1%,27.6M
2021-09,Call of Duty: Black Ops II,PlayStation,47788,66757,-50.2%,23.6M
2021-09,Call of Duty: Black Ops II,PC,71060,100393,+0.9%,23.1M
2021-09,GTA V,PC,58352,86162,-39.8%,25.3M
2021-09,Red Dead Redemption 2,Xbox,96707,103223,+515.5%,12.0M
2021-09,Call of Duty: Warzone,Xbox,47738,61940,-51.4%,8.5M
2021-09,GTA V,Xbox,47805,81296,-26.3%,21.6M
2021-09,The Elder Scrolls V: Skyrim,PlayStation,74593,96691,-15.4%,24.6M
2021-09,Red Dead Redemption 2,PC,58447,64214,+20.0%,10.8M
2021-10,Call of Duty: Black Ops II,PlayStation,58120,81380,+21.6%,24.0M
2021-10,GTA V,Xbox,31765,40134,-33.6%,21.8M
2021-10,The Elder Scrolls V: Skyrim,Xbox,31228,37457,-56.1%,24.6M
2021-10,Red Dead Redemption 2,Xbox,66476,76016,-31.3%,12.3M
2021-10,Call of Duty: Warzone,PC,45515,46592,-52.8%,7.6M
2021-10,The Elder Scrolls V: Skyrim,PC,47676,51826,-35.3%,27.8M
2021-10,Call of Duty: Black Ops II,Xbox,60483,73863,+6.6%,25.5M
2021-10,The Elder Scrolls V: Skyrim,PlayStation,40946,83038,-45.1%,25.0M
2021-10,GTA V,PC,17402,66781,-70.2%,25.4M
2021-10,Red Dead Redemption 2,PC,58797,106387,+0.6%,11.1M
2021-10,Call of Duty: Warzone,Xbox,38026,81363,-20.3%,8.6M
2021-10,Call of Duty: Black Ops II,PC,23820,27757,-66.5%,23.1M
2021-10,Red Dead Redemption 2,PlayStation,48198,75210,+42.5%,10.8M
2021-10,Call of Duty: Warzone,PlayStation,30876,39077,-41.5%,7.7M
2021-10,GTA V,PlayStation,92286,105037,+16.5%,24.2M
2021-11,The Elder Scrolls V: Skyrim,PlayStation,76058,91829,+85.8%,25.5M
2021-11,The Elder Scrolls V: Skyrim,Xbox,19308,22537,-38.2%,24.9M
2021-11,GTA V,PC,53564,61972,+207.8%,25.8M
2021-11,Red Dead Redemption 2,PC,63557,112251,+8.1%,11.4M
2021-11,Red Dead Redemption 2,Xbox,89385,122494,+34.5%,12.7M
2021-11,Call of Duty: Black Ops II,PC,25294,45208,+6.2%,23.6M
2021-11,GTA V,PlayStation,84033,101162,-8.9%,24.7M
2021-11,Call of Duty: Warzone,Xbox,47098,63267,+23.9%,8.7M
2021-11,GTA V,Xbox,65252,85484,+105.4%,22.0M
2021-11,The Elder Scrolls V: Skyrim,PC,97416,137873,+104.3%,28.1M
2021-11,Call of Duty: Warzone,PlayStation,86413,99462,+179.9%,8.0M
2021-11,Call of Duty: Warzone,PC,44386,67958,-2.5%,7.7M
2021-11,Call of Duty: Black Ops II,Xbox,83060,98694,+37.3%,26.0M
2021-11,Call of Duty: Black Ops II,PlayStation,33324,60188,-42.7%,24.2M
2021-11,Red Dead Redemption 2,PlayStation,99332,142922,+106.1%,11.1M
2021-12,The Elder Scrolls V: Skyrim,PlayStation,10068,30084,-86.8%,25.6M
2021-12,Red Dead Redemption 2,PC,71952,76805,+13.2%,11.7M
2021-12,The Elder Scrolls V: Skyrim,Xbox,18620,52747,-3.6%,25.4M
2021-12,The Elder Scrolls V: Skyrim,PC,44395,70120,-54.4%,28.4M
2021-12,Call of Duty: Black Ops II,PlayStation,22844,65804,-31.4%,24.6M
2021-12,Call of Duty: Black Ops II,Xbox,30532,62867,-63.2%,26.4M
2021-12,Call of Duty: Warzone,PlayStation,20282,51920,-76.5%,8.2M
2021-12,Red Dead Redemption 2,Xbox,88271,128976,-1.2%,12.9M
2021-12,GTA V,PC,98839,137395,+84.5%,25.9M
2021-12,Call of Duty: Warzone,PC,66865,90338,+50.6%,8.0M
2021-12,Call of Duty: Black Ops II,PC,69424,88560,+174.5%,23.9M
2021-12,GTA V,PlayStation,39356,80149,-53.2%,24.8M
2021-12,GTA V,Xbox,68346,101384,+4.7%,22.3M
2021-12,Call of Duty: Warzone,Xbox,37432,63857,-20.5%,8.8M
2021-12,Red Dead Redemption 2,PlayStation,50955,67408,-48.7%,11.4M
2022-01,Red Dead Redemption 2,PlayStation,29046,48707,-43.0%,11.5M
2022-01,GTA V,PlayStation,67022,69587,+70.3%,25.1M
2022-01,The Elder Scrolls V: Skyrim,PC,77411,81661,+74.4%,28.5M
2022-01,GTA V,Xbox,66579,109707,-2.6%,22.5M
2022-01,GTA V,PC,35794,49760,-63.8%,26.1M
2022-01,Red Dead Redemption 2,Xbox,42714,54814,-51.6%,13.4M
2022-01,Red Dead Redemption 2,PC,12739,19880,-82.3%,11.9M
2022-01,The Elder Scrolls V: Skyrim,Xbox,98244,101395,+427.6%,25.5M
2022-01,The Elder Scrolls V: Skyrim,PlayStation,69307,81605,+588.4%,25.8M
2022-01,Call of Duty: Black Ops II,PC,61585,107025,-11.3%,24.0M
2022-01,Call of Duty: Black Ops II,PlayStation,96068,133846,+320.5%,24.7M
2022-01,Call of Duty: Black Ops II,Xbox,40005,58976,+31.0%,26.8M
2022-01,Call of Duty: Warzone,PC,96590,133675,+44.5%,8.2M
2022-01,Call of Duty: Warzone,PlayStation,53114,64650,+161.9%,8.6M
2022-01,Call of Duty: Warzone,Xbox,80616,124129,+115.4%,9.0M
2022-02,Call of Duty: Warzone,PC,42881,83386,-55.6%,8.4M
2022-02,Call of Duty: Warzone,Xbox,74458,109659,-7.6%,9.2M
2022-02,Elden Ring,Xbox,15141,63861,N/A,4.1M
2022-02,Call of Duty: Black Ops II,PlayStation,42930,54708,-55.3%,25.1M
2022-02,Call of Duty: Black Ops II,PC,28211,57532,-54.2%,24.4M
2022-02,GTA V,PlayStation,97864,146717,+46.0%,25.4M
2022-02,The Elder Scrolls V: Skyrim,PC,92955,118042,+20.1%,28.9M
2022-02,GTA V,PC,50794,65657,+41.9%,26.6M
2022-02,Call of Duty: Warzone,PlayStation,87350,132358,+64.5%,8.9M
2022-02,Red Dead Redemption 2,PlayStation,24618,52418,-15.2%,11.7M
2022-02,The Elder Scrolls V: Skyrim,PlayStation,64981,105209,-6.2%,26.2M
2022-02,Red Dead Redemption 2,PC,45435,71485,+256.7%,12.0M
2022-02,GTA V,Xbox,86344,89785,+29.7%,22.6M
2022-02,The Elder Scrolls V: Skyrim,Xbox,84358,128442,-14.1%,25.7M
2022-02,Call of Duty: Black Ops II,Xbox,51507,69618,+28.8%,27.2M
2022-02,Elden Ring,PlayStation,35964,73383,N/A,2.0M
2022-02,Elden Ring,PC,93586,99549,N/A,2.1M
2022-02,Red Dead Redemption 2,Xbox,25907,53533,-39.3%,13.9M
2022-03,GTA V,Xbox,85667,104061,-0.8%,22.8M
2022-03,The Elder Scrolls V: Skyrim,PlayStation,24001,69933,-63.1%,26.5M
2022-03,The Elder Scrolls V: Skyrim,PC,61352,93308,-34.0%,29.1M
2022-03,Elden Ring,Xbox,53422,59985,+252.8%,4.5M
2022-03,GTA V,PC,99458,148071,+95.8%,26.9M
2022-03,Call of Duty: Black Ops II,PlayStation,66423,88167,+54.7%,25.3M
2022-03,GTA V,PlayStation,99645,106812,+1.8%,25.8M
2022-03,Elden Ring,PC,35874,85372,-61.7%,2.6M
2022-03,Red Dead Redemption 2,Xbox,62896,106931,+142.8%,14.0M
2022-03,Red Dead Redemption 2,PlayStation,20493,57108,-16.8%,12.1M
2022-03,Call of Duty: Warzone,PlayStation,26874,45495,-69.2%,9.2M
2022-03,Call of Duty: Black Ops II,Xbox,16706,32799,-67.6%,27.3M
2022-03,Elden Ring,PlayStation,96251,134953,+167.6%,2.4M
2022-03,Red Dead Redemption 2,PC,80177,95067,+76.5%,12.4M
2022-03,Call of Duty: Warzone,Xbox,70509,105751,-5.3%,9.4M
2022-03,The Elder Scrolls V: Skyrim,Xbox,57887,85932,-31.4%,25.8M
2022-03,Call of Duty: Black Ops II,PC,72659,74342,+157.6%,24.7M
2022-03,Call of Duty: Warzone,PC,58752,80693,+37.0%,8.8M
2022-04,Red Dead Redemption 2,PC,81146,96332,+1.2%,12.7M
2022-04,Call of Duty: Black Ops II,PlayStation,54647,98211,-17.7%,25.6M
2022-04,GTA V,PlayStation,80270,99687,-19.4%,26.1M
2022-04,Elden Ring,Xbox,34118,68551,-36.1%,4.8M
2022-04,Red Dead Redemption 2,PlayStation,88362,129393,+331.2%,12.3M
2022-04,GTA V,Xbox,43176,47938,-49.6%,22.9M
2022-04,Elden Ring,PlayStation,11317,40538,-88.2%,2.5M
2022-04,Elden Ring,PC,95352,135041,+165.8%,3.0M
2022-04,Call of Duty: Warzone,Xbox,78202,117394,+10.9%,9.9M
2022-04,The Elder Scrolls V: Skyrim,Xbox,70725,79460,+22.2%,26.1M
2022-04,Call of Duty: Warzone,PlayStation,73462,116697,+173.4%,9.3M
2022-04,The Elder Scrolls V: Skyrim,PC,31551,52608,-48.6%,29.5M
2022-04,Call of Duty: Black Ops II,PC,55619,84392,-23.5%,24.8M
2022-04,Call of Duty: Warzone,PC,93878,107464,+59.8%,9.1M
2022-04,Call of Duty: Black Ops II,Xbox,77817,97325,+365.8%,27.4M
2022-04,Red Dead Redemption 2,Xbox,83941,111454,+33.5%,14.4M
2022-04,The Elder Scrolls V: Skyrim,PlayStation,69448,110842,+189.4%,27.0M
2022-04,GTA V,PC,79388,97379,-20.2%,27.0M
2022-05,Red Dead Redemption 2,PC,98149,132290,+21.0%,13.0M
2022-05,Call of Duty: Black Ops II,Xbox,95077,127248,+22.2%,27.7M
2022-05,GTA V,Xbox,24754,58794,-42.7%,23.0M
2022-05,Elden Ring,Xbox,61664,68438,+80.7%,5.1M
2022-05,The Elder Scrolls V: Skyrim,PlayStation,14480,31376,-79.1%,27.5M
2022-05,Call of Duty: Warzone,PC,19936,45583,-78.8%,9.4M
2022-05,GTA V,PC,59689,84266,-24.8%,27.1M
2022-05,The Elder Scrolls V: Skyrim,Xbox,83486,116556,+18.0%,26.4M
2022-05,Red Dead Redemption 2,PlayStation,71265,77627,-19.3%,12.7M
2022-05,Elden Ring,PlayStation,19545,69195,+72.7%,2.6M
2022-05,Red Dead Redemption 2,Xbox,94142,117099,+12.2%,14.6M
2022-05,The Elder Scrolls V: Skyrim,PC,61475,80557,+94.8%,29.8M
2022-05,Call of Duty: Warzone,Xbox,53032,72505,-32.2%,10.1M
2022-05,Elden Ring,PC,27078,67399,-71.6%,3.3M
2022-05,GTA V,PlayStation,71741,97213,-10.6%,26.3M
2022-05,Call of Duty: Warzone,PlayStation,33096,77918,-54.9%,9.7M
2022-05,Call of Duty: Black Ops II,PC,70676,99792,+27.1%,25.1M
2022-05,Call of Duty: Black Ops II,PlayStation,96770,122643,+77.1%,26.0M
2022-06,Call of Duty: Warzone,PlayStation,20909,23626,-36.8%,9.9M
2022-06,Elden Ring,PlayStation,13072,25216,-33.1%,2.9M
2022-06,The Elder Scrolls V: Skyrim,Xbox,40829,61986,-51.1%,26.5M
2022-06,Red Dead Redemption 2,Xbox,60981,76057,-35.2%,14.7M
2022-06,GTA V,PC,39303,42146,-34.2%,27.4M
2022-06,Call of Duty: Warzone,PC,12343,16687,-38.1%,9.8M
2022-06,The Elder Scrolls V: Skyrim,PlayStation,42671,69034,+194.7%,27.7M
2022-06,Elden Ring,Xbox,96903,142025,+57.1%,5.4M
2022-06,Call of Duty: Warzone,Xbox,88561,97321,+67.0%,10.4M
2022-06,GTA V,Xbox,31964,74598,+29.1%,23.2M
2022-06,Red Dead Redemption 2,PlayStation,94678,100262,+32.9%,12.9M
2022-06,The Elder Scrolls V: Skyrim,PC,55083,80702,-10.4%,30.2M
2022-06,Call of Duty: Black Ops II,PlayStation,18592,62100,-80.8%,26.3M
2022-06,GTA V,PlayStation,21566,42678,-69.9%,26.5M
2022-06,Red Dead Redemption 2,PC,13182,37284,-86.6%,13.1M
2022-06,Elden Ring,PC,70102,91970,+158.9%,3.7M
2022-06,Call of Duty: Black Ops II,Xbox,13708,63419,-85.6%,27.8M
2022-06,Call of Duty: Black Ops II,PC,22912,34097,-67.6%,25.5M
2022-07,The Elder Scrolls V: Skyrim,Xbox,63280,86090,+55.0%,26.9M
2022-07,Call of Duty: Warzone,Xbox,55179,99016,-37.7%,10.8M
2022-07,Call of Duty: Warzone,PlayStation,57840,97319,+176.6%,10.0M
2022-07,GTA V,PC,61438,90698,+56.3%,27.7M
2022-07,GTA V,PlayStation,19791,46691,-8.2%,26.6M
2022-07,Elden Ring,PlayStation,88030,120507,+573.4%,3.1M
2022-07,Call of Duty: Warzone,PC,34062,38219,+176.0%,10.0M
2022-07,Elden Ring,PC,75743,79791,+8.0%,4.0M
2022-07,Elden Ring,Xbox,36765,69451,-62.1%,5.6M
2022-07,Red Dead Redemption 2,Xbox,13620,14662,-77.7%,14.8M
2022-07,The Elder Scrolls V: Skyrim,PlayStation,46098,84897,+8.0%,27.9M
2022-07,Call of Duty: Black Ops II,Xbox,30519,73529,+122.6%,28.3M
2022-07,GTA V,Xbox,32909,71030,+3.0%,23.5M
2022-07,Red Dead Redemption 2,PlayStation,10069,31859,-89.4%,13.2M
2022-07,The Elder Scrolls V: Skyrim,PC,26512,64493,-51.9%,30.6M
2022-07,Call of Duty: Black Ops II,PlayStation,88753,115797,+377.4%,26.6M
2022-07,Red Dead Redemption 2,PC,24390,59159,+85.0%,13.3M
2022-07,Call of Duty: Black Ops II,PC,91712,96986,+300.3%,25.8M
2022-08,Elden Ring,PlayStation,81260,127649,-7.7%,3.5M
2022-08,Elden Ring,Xbox,25140,61941,-31.6%,5.8M
2022-08,Red Dead Redemption 2,PC,84697,90950,+247.3%,13.5M
2022-08,Call of Duty: Warzone,Xbox,11201,41534,-79.7%,11.2M
2022-08,Call of Duty: Warzone,PlayStation,17129,51601,-70.4%,10.3M
2022-08,GTA V,PC,44645,48237,-27.3%,28.1M
2022-08,Call of Duty: Warzone,PC,62326,70381,+83.0%,10.2M
2022-08,Red Dead Redemption 2,Xbox,42942,67882,+215.3%,15.0M
2022-08,Call of Duty: Black Ops II,Xbox,79593,108678,+160.8%,28.5M
2022-08,Red Dead Redemption 2,PlayStation,70776,82324,+602.9%,13.6M
2022-08,Elden Ring,PC,52233,91682,-31.0%,4.3M
2022-08,GTA V,Xbox,19404,64127,-41.0%,23.7M
2022-08,GTA V,PlayStation,92866,113109,+369.2%,26.8M
2022-08,The Elder Scrolls V: Skyrim,Xbox,61562,105806,-2.7%,27.1M
2022-08,Call of Duty: Black Ops II,PC,41535,77263,-54.7%,26.2M
2022-08,Call of Duty: Black Ops II,PlayStation,75809,107231,-14.6%,27.0M
2022-08,The Elder Scrolls V: Skyrim,PC,75230,117033,+183.8%,31.0M
2022-08,The Elder Scrolls V: Skyrim,PlayStation,19137,47162,-58.5%,28.3M
2022-09,Elden Ring,Xbox,89866,110537,+257.5%,6.2M
2022-09,Call of Duty: Black Ops II,PC,49580,60858,+19.4%,26.7M
2022-09,Call of Duty: Warzone,PlayStation,43349,76582,+153.1%,10.7M
2022-09,Call of Duty: Black Ops II,Xbox,87642,92768,+10.1%,28.6M
2022-09,Call of Duty: Warzone,PC,96180,137760,+54.3%,10.7M
2022-09,Red Dead Redemption 2,Xbox,27095,66358,-36.9%,15.4M
2022-09,The Elder Scrolls V: Skyrim,PlayStation,87781,105428,+358.7%,28.8M
2022-09,Elden Ring,PlayStation,81941,119532,+0.8%,4.0M
2022-09,The Elder Scrolls V: Skyrim,Xbox,35425,43831,-42.5%,27.5M
2022-09,GTA V,PC,84226,117007,+88.7%,28.5M
2022-09,Elden Ring,PC,12448,57051,-76.2%,4.5M
2022-09,Call of Duty: Warzone,Xbox,30889,60897,+175.8%,11.3M
2022-09,GTA V,PlayStation,86512,105052,-6.8%,27.3M
2022-09,Red Dead Redemption 2,PC,56780,64774,-33.0%,13.9M
2022-09,Call of Duty: Black Ops II,PlayStation,55705,90323,-26.5%,27.1M
2022-09,The Elder Scrolls V: Skyrim,PC,40267,63789,-46.5%,31.3M
2022-09,Red Dead Redemption 2,PlayStation,91065,121567,+28.7%,14.0M
2022-09,GTA V,Xbox,60269,86716,+210.6%,23.9M
2022-10,Call of Duty: Black Ops II,PC,18774,32568,-62.1%,27.1M
2022-10,Call of Duty: Black Ops II,PlayStation,53467,83233,-4.0%,27.5M
2022-10,Call of Duty: Warzone,PlayStation,57822,84097,+33.4%,10.9M
2022-10,The Elder Scrolls V: Skyrim,PC,81526,131440,+102.5%,31.4M
2022-10,Elden Ring,PC,36162,56821,+190.5%,4.8M
2022-10,The Elder Scrolls V: Skyrim,Xbox,95378,131535,+169.2%,28.0M
2022-10,Red Dead Redemption 2,Xbox,77104,125387,+184.6%,15.5M
2022-10,Elden Ring,Xbox,54742,94726,-39.1%,6.6M
2022-10,The Elder Scrolls V: Skyrim,PlayStation,92375,105071,+5.2%,29.2M
2022-10,Red Dead Redemption 2,PlayStation,24080,39072,-73.6%,14.5M
2022-10,Red Dead Redemption 2,PC,65107,110035,+14.7%,14.1M
2022-10,Call of Duty: Warzone,Xbox,30482,80468,-1.3%,11.4M
2022-10,Call of Duty: Black Ops II,Xbox,56184,91271,-35.9%,28.9M
2022-10,Elden Ring,PlayStation,24178,57430,-70.5%,4.2M
2022-10,GTA V,PlayStation,92505,139803,+6.9%,27.6M
2022-10,GTA V,PC,34689,42855,-58.8%,28.7M
2022-10,GTA V,Xbox,84580,130903,+40.3%,24.0M
2022-10,Call of Duty: Warzone,PC,85154,104113,-11.5%,10.9M
2022-11,The Elder Scrolls V: Skyrim,Xbox,68254,100898,-28.4%,28.2M
2022-11,Call of Duty: Black Ops II,Xbox,93692,105015,+66.8%,29.4M
2022-11,GTA V,PC,23534,37083,-32.2%,29.0M
2022-11,Red Dead Redemption 2,Xbox,91306,120643,+18.4%,15.8M
2022-11,The Elder Scrolls V: Skyrim,PlayStation,74090,103894,-19.8%,29.6M
2022-11,Red Dead Redemption 2,PlayStation,37408,81895,+55.3%,15.0M
2022-11,Red Dead Redemption 2,PC,19076,51948,-70.7%,14.4M
2022-11,Call of Duty: Warzone,PlayStation,58319,83299,+0.9%,11.3M
2022-11,Call of Duty: Warzone,Xbox,34552,76519,+13.4%,11.8M
2022-11,Call of Duty: Warzone,PC,22276,44113,-73.8%,11.0M
2022-11,GTA V,PlayStation,37397,73313,-59.6%,27.7M
2022-11,The Elder Scrolls V: Skyrim,PC,69691,102348,-14.5%,31.9M
2022-11,GTA V,Xbox,92018,134342,+8.8%,24.5M
2022-11,Elden Ring,PC,46058,66041,+27.4%,5.1M
2022-11,Call of Duty: Black Ops II,PC,23744,61317,+26.5%,27.2M
2022-11,Call of Duty: Black Ops II,PlayStation,31929,55707,-40.3%,27.7M
2022-11,Elden Ring,PlayStation,59280,85094,+145.2%,4.5M
2022-11,Elden Ring,Xbox,32156,68273,-41.3%,7.0M
2022-12,The Elder Scrolls V: Skyrim,PlayStation,38750,79641,-47.7%,30.0M
2022-12,Call of Duty: Warzone,PC,26084,40861,+17.1%,11.2M
2022-12,Elden Ring,PC,30259,79475,-34.3%,5.6M
2022-12,GTA V,PC,20315,26144,-13.7%,29.4M
2022-12,The Elder Scrolls V: Skyrim,Xbox,46375,83583,-32.1%,28.5M
2022-12,Red Dead Redemption 2,PlayStation,58352,71647,+56.0%,15.1M
2022-12,Red Dead Redemption 2,PC,93602,142724,+390.7%,14.6M
2022-12,Call of Duty: Warzone,Xbox,18935,33966,-45.2%,12.2M
2022-12,Call of Duty: Black Ops II,PlayStation,92817,122883,+190.7%,27.8M
2022-12,The Elder Scrolls V: Skyrim,PC,14222,25738,-79.6%,32.3M
2022-12,GTA V,Xbox,45610,53772,-50.4%,24.9M
2022-12,GTA V,PlayStation,81918,83087,+119.0%,27.8M
2022-12,Elden Ring,Xbox,33600,68816,+4.5%,7.4M
2022-12,Red Dead Redemption 2,Xbox,77117,99005,-15.5%,16.2M
2022-12,Elden Ring,PlayStation,25392,56653,-57.2%,4.7M
2022-12,Call of Duty: Black Ops II,PC,10673,30936,-55.0%,27.3M
2022-12,Call of Duty: Black Ops II,Xbox,34590,44136,-63.1%,29.7M
2022-12,Call of Duty: Warzone,PlayStation,65612,86091,+12.5%,11.7M
2023-01,Red Dead Redemption 2,PlayStation,18002,65114,-69.1%,15.1M
2023-01,The Elder Scrolls V: Skyrim,Xbox,13683,30276,-70.5%,28.8M
2023-01,Red Dead Redemption 2,Xbox,18322,42709,-76.2%,16.3M
2023-01,Call of Duty: Black Ops II,Xbox,49975,97162,+44.5%,29.9M
2023-01,Call of Duty: Black Ops II,PlayStation,61736,81401,-33.5%,28.1M
2023-01,GTA V,PC,14581,35691,-28.2%,29.5M
2023-01,Elden Ring,Xbox,15869,63266,-52.8%,7.4M
2023-01,Call of Duty: Warzone,PlayStation,96548,106663,+47.1%,11.8M
2023-01,Call of Duty: Warzone,PC,14626,63918,-43.9%,11.3M
2023-01,Red Dead Redemption 2,PC,27830,38882,-70.3%,15.0M
2023-01,GTA V,PlayStation,19332,64127,-76.4%,28.3M
2023-01,Call of Duty: Black Ops II,PC,28262,51157,+164.8%,27.7M
2023-01,Call of Duty: Warzone,Xbox,56705,94393,+199.5%,12.6M
2023-01,Elden Ring,PC,51515,73838,+70.2%,5.9M
2023-01,Elden Ring,PlayStation,22693,40218,-10.6%,5.0M
2023-01,The Elder Scrolls V: Skyrim,PC,78694,83523,+453.3%,32.4M
2023-01,The Elder Scrolls V: Skyrim,PlayStation,57428,60448,+48.2%,30.2M
2023-01,GTA V,Xbox,69737,97958,+52.9%,25.3M
2023-02,Elden Ring,PC,64242,82060,+24.7%,6.3M
2023-02,Red Dead Redemption 2,PlayStation,85096,118973,+372.7%,15.5M
2023-02,GTA V,Xbox,30086,61774,-56.9%,25.6M
2023-02,Call of Duty: Black Ops II,PC,36885,55460,+30.5%,28.2M
2023-02,The Elder Scrolls V: Skyrim,PC,34898,78722,-55.7%,32.7M
2023-02,GTA V,PC,37729,69326,+158.8%,29.7M
2023-02,Call of Duty: Warzone,Xbox,45409,46965,-19.9%,12.8M
2023-02,The Elder Scrolls V: Skyrim,Xbox,51415,57227,+275.8%,28.8M
2023-02,Red Dead Redemption 2,PC,40622,87580,+46.0%,15.3M
2023-02,Call of Duty: Black Ops II,PlayStation,49775,93580,-19.4%,28.3M
2023-02,Elden Ring,PlayStation,64440,112780,+184.0%,5.4M
2023-02,Red Dead Redemption 2,Xbox,19245,34067,+5.0%,16.8M
2023-02,Elden Ring,Xbox,95091,136615,+499.2%,7.8M
2023-02,Call of Duty: Warzone,PlayStation,24570,32024,-74.6%,12.0M
2023-02,GTA V,PlayStation,60157,104635,+211.2%,28.7M
2023-02,Call of Duty: Warzone,PC,77741,87110,+431.5%,11.5M
2023-02,The Elder Scrolls V: Skyrim,PlayStation,27625,41565,-51.9%,30.6M
2023-02,Call of Duty: Black Ops II,Xbox,55617,65834,+11.3%,30.2M
2023-03,Elden Ring,Xbox,60517,103771,-36.4%,8.2M
2023-03,Call of Duty: Warzone,Xbox,94713,106602,+108.6%,13.2M
2023-03,The Elder Scrolls V: Skyrim,PlayStation,12967,53611,-53.1%,30.7M
2023-03,Elden Ring,PlayStation,64216,75170,-0.3%,5.6M
2023-03,Call of Duty: Warzone,PlayStation,51085,54235,+107.9%,12.1M
2023-03,GTA V,Xbox,23166,61741,-23.0%,26.0M
2023-03,GTA V,PC,75331,118567,+99.7%,29.8M
2023-03,Red Dead Redemption 2,PC,21341,52098,-47.5%,15.7M
2023-03,Red Dead Redemption 2,Xbox,40666,85470,+111.3%,17.1M
2023-03,Call of Duty: Black Ops II,Xbox,51935,84442,-6.6%,30.3M
2023-03,The Elder Scrolls V: Skyrim,PC,95409,139355,+173.4%,33.0M
2023-03,The Elder Scrolls V: Skyrim,Xbox,80105,119439,+55.8%,29.3M
2023-03,GTA V,PlayStation,58367,67884,-3.0%,29.0M
2023-03,Call of Duty: Black Ops II,PlayStation,92565,118756,+86.0%,28.4M
2023-03,Call of Duty: Black Ops II,PC,40754,78394,+10.5%,28.6M
2023-03,Elden Ring,PC,55805,77793,-13.1%,6.6M
2023-03,Red Dead Redemption 2,PlayStation,86442,96644,+1.6%,15.6M
2023-03,Call of Duty: Warzone,PC,45812,75782,-41.1%,11.6M
2023-04,The Elder Scrolls V: Skyrim,Xbox,29701,73851,-62.9%,29.7M
2023-04,GTA V,Xbox,53618,64470,+131.5%,26.3M
2023-04,Red Dead Redemption 2,Xbox,71506,76286,+75.8%,17.5M
2023-04,Call of Duty: Warzone,Xbox,57483,75198,-39.3%,13.5M
2023-04,Elden Ring,PlayStation,82163,124861,+27.9%,5.8M
2023-04,Elden Ring,Xbox,58825,101322,-2.8%,8.5M
2023-04,Call of Duty: Warzone,PlayStation,52396,78084,+2.6%,12.4M
2023-04,The Elder Scrolls V: Skyrim,PC,83321,129998,-12.7%,33.3M
2023-04,Call of Duty: Warzone,PC,96945,135775,+111.6%,12.0M
2023-04,GTA V,PC,72343,121209,-4.0%,30.3M
2023-04,Red Dead Redemption 2,PlayStation,97819,115627,+13.2%,15.9M
2023-04,Call of Duty: Black Ops II,Xbox,70340,109112,+35.4%,30.7M
2023-04,The Elder Scrolls V: Skyrim,PlayStation,25885,31120,+99.6%,30.9M
2023-04,GTA V,PlayStation,23688,34718,-59.4%,29.2M
2023-04,Call of Duty: Black Ops II,PlayStation,28536,51245,-69.2%,28.7M
2023-04,Call of Duty: Black Ops II,PC,59514,105167,+46.0%,29.1M
2023-04,Elden Ring,PC,22855,43837,-59.0%,6.9M
2023-04,Red Dead Redemption 2,PC,85788,87132,+302.0%,16.2M
2023-05,Call of Duty: Warzone,PC,82244,110743,-15.2%,12.1M
2023-05,The Elder Scrolls V: Skyrim,Xbox,10667,44988,-64.1%,30.1M
2023-05,Red Dead Redemption 2,PlayStation,86933,105649,-11.1%,16.3M
2023-05,Red Dead Redemption 2,Xbox,27981,76001,-60.9%,17.7M
2023-05,The Elder Scrolls V: Skyrim,PC,95714,108140,+14.9%,33.7M
2023-05,GTA V,PC,42501,89839,-41.3%,30.7M
2023-05,The Elder Scrolls V: Skyrim,PlayStation,33668,37343,+30.1%,31.0M
2023-05,Elden Ring,Xbox,69714,89959,+18.5%,8.8M
2023-05,Call of Duty: Black Ops II,PC,10958,50531,-81.6%,29.3M
2023-05,Call of Duty: Warzone,PlayStation,74507,110670,+42.2%,12.5M
2023-05,GTA V,Xbox,57876,83174,+7.9%,26.7M
2023-05,GTA V,PlayStation,65237,97711,+175.4%,29.5M
2023-05,Call of Duty: Warzone,Xbox,30763,73906,-46.5%,13.6M
2023-05,Elden Ring,PC,44656,45990,+95.4%,7.4M
2023-05,Call of Duty: Black Ops II,Xbox,36741,62649,-47.8%,30.8M
2023-05,Red Dead Redemption 2,PC,89413,128049,+4.2%,16.5M
2023-05,Elden Ring,PlayStation,89175,122592,+8.5%,6.2M
2023-05,Call of Duty: Black Ops II,PlayStation,17285,32111,-39.4%,29.1M
2023-06,Call of Duty: Black Ops II,Xbox,61412,102812,+67.1%,30.9M
2023-06,GTA V,Xbox,10419,55468,-82.0%,27.0M
2023-06,Red Dead Redemption 2,PC,17003,41820,-81.0%,16.9M
2023-06,Call of Duty: Warzone,PlayStation,86241,95160,+15.7%,12.5M
2023-06,Red Dead Redemption 2,Xbox,42261,89896,+51.0%,17.8M
2023-06,Red Dead Redemption 2,PlayStation,33415,82654,-61.6%,16.6M
2023-06,The Elder Scrolls V: Skyrim,PlayStation,77473,105532,+130.1%,31.4M
2023-06,Elden Ring,Xbox,19763,33383,-71.7%,9.2M
2023-06,GTA V,PlayStation,39857,82895,-38.9%,29.8M
2023-06,Call of Duty: Black Ops II,PlayStation,43084,58517,+149.3%,29.4M
2023-06,Elden Ring,PC,71812,107881,+60.8%,7.7M
2023-06,The Elder Scrolls V: Skyrim,Xbox,94824,133146,+788.9%,30.4M
2023-06,Call of Duty: Black Ops II,PC,23150,32969,+111.3%,29.5M
2023-06,GTA V,PC,69501,77542,+63.5%,31.0M
2023-06,The Elder Scrolls V: Skyrim,PC,98620,123094,+3.0%,33.8M
2023-06,Elden Ring,PlayStation,92330,130007,+3.5%,6.4M
2023-06,Call of Duty: Warzone,Xbox,41125,89911,+33.7%,13.7M
2023-06,Call of Duty: Warzone,PC,23448,34784,-71.5%,12.5M
2023-07,Elden Ring,Xbox,45620,62167,+130.8%,9.5M
2023-07,The Elder Scrolls V: Skyrim,PlayStation,17600,21453,-77.3%,31.4M
2023-07,Red Dead Redemption 2,PlayStation,55938,86805,+67.4%,16.7M
2023-07,Call of Duty: Warzone,PC,51342,66717,+119.0%,12.8M
2023-07,Red Dead Redemption 2,Xbox,23333,52298,-44.8%,18.1M
2023-07,GTA V,PC,84294,86292,+21.3%,31.2M
2023-07,Call of Duty: Black Ops II,PlayStation,21091,58435,-51.0%,29.5M
2023-07,The Elder Scrolls V: Skyrim,PC,11289,15845,-88.6%,34.2M
2023-07,Call of Duty: Warzone,PlayStation,23433,50995,-72.8%,12.7M
2023-07,GTA V,PlayStation,54521,96004,+36.8%,29.9M
2023-07,Red Dead Redemption 2,PC,31024,40598,+82.5%,17.2M
2023-07,Call of Duty: Black Ops II,Xbox,24989,35580,-59.3%,31.3M
2023-07,The Elder Scrolls V: Skyrim,Xbox,46796,72558,-50.6%,30.8M
2023-07,Elden Ring,PlayStation,45376,69731,-50.9%,6.9M
2023-07,Elden Ring,PC,94344,136460,+31.4%,7.9M
2023-07,GTA V,Xbox,76307,118569,+632.4%,27.3M
2023-07,Call of Duty: Black Ops II,PC,35752,37029,+54.4%,29.9M
2023-07,Call of Duty: Warzone,Xbox,86672,115757,+110.8%,14.1M
2023-08,Elden Ring,Xbox,22287,66160,-51.1%,10.0M
2023-08,GTA V,PlayStation,97968,114295,+79.7%,30.3M
2023-08,GTA V,PC,48287,79521,-42.7%,31.4M
2023-08,GTA V,Xbox,46396,79810,-39.2%,27.7M
2023-08,Call of Duty: Warzone,PC,79518,115700,+54.9%,13.0M
2023-08,Call of Duty: Black Ops II,PC,45454,58328,+27.1%,30.3M
2023-08,Elden Ring,PlayStation,46035,79711,+1.5%,7.0M
2023-08,Call of Duty: Black Ops II,Xbox,72746,86732,+191.1%,31.7M
2023-08,Elden Ring,PC,93592,100387,-0.8%,8.3M
2023-08,Call of Duty: Warzone,PlayStation,17984,65950,-23.3%,13.2M
2023-08,Red Dead Redemption 2,Xbox,91412,101287,+291.8%,18.4M
2023-08,The Elder Scrolls V: Skyrim,PlayStation,55791,73550,+217.0%,31.9M
2023-08,Call of Duty: Black Ops II,PlayStation,75201,94189,+256.6%,29.5M
2023-08,Call of Duty: Warzone,Xbox,53221,74945,-38.6%,14.2M
2023-08,The Elder Scrolls V: Skyrim,Xbox,44208,88315,-5.5%,31.0M
2023-08,Red Dead Redemption 2,PlayStation,59940,90450,+7.2%,17.0M
2023-08,The Elder Scrolls V: Skyrim,PC,86093,87354,+662.6%,34.6M
2023-08,Red Dead Redemption 2,PC,66050,69031,+112.9%,17.5M
2023-09,Call of Duty: Warzone,Xbox,75445,83018,+41.8%,14.6M
2023-09,Call of Duty: Warzone,PC,55324,98777,-30.4%,13.2M
2023-09,Red Dead Redemption 2,PlayStation,90105,96052,+50.3%,17.0M
2023-09,GTA V,PC,75718,114954,+56.8%,31.7M
2023-09,Call of Duty: Warzone,PlayStation,13784,34575,-23.4%,13.6M
2023-09,Elden Ring,PlayStation,91826,126123,+99.5%,7.2M
2023-09,Call of Duty: Black Ops II,Xbox,64230,79102,-11.7%,31.8M
2023-09,Call of Duty: Black Ops II,PlayStation,56945,66752,-24.3%,29.7M
2023-09,Call of Duty: Black Ops II,PC,76278,97485,+67.8%,30.7M
2023-09,Red Dead Redemption 2,Xbox,25762,75595,-71.8%,18.7M
2023-09,The Elder Scrolls V: Skyrim,Xbox,91291,104019,+106.5%,31.1M
2023-09,Red Dead Redemption 2,PC,72801,95483,+10.2%,17.9M
2023-09,The Elder Scrolls V: Skyrim,PlayStation,84894,128532,+52.2%,32.0M
2023-09,GTA V,Xbox,53632,61529,+15.6%,27.8M
2023-09,Elden Ring,PC,53510,101901,-42.8%,8.7M
2023-09,The Elder Scrolls V: Skyrim,PC,91775,119530,+6.6%,35.0M
2023-09,Elden Ring,Xbox,58559,85300,+162.7%,10.4M
2023-09,GTA V,PlayStation,21206,64355,-78.4%,30.6M
2023-10,Red Dead Redemption 2,Xbox,84142,95384,+226.6%,19.0M
2023-10,GTA V,PC,76708,97870,+1.3%,32.0M
2023-10,The Elder Scrolls V: Skyrim,PlayStation,48091,87185,-43.4%,32.1M
2023-10,Elden Ring,PlayStation,77249,102965,-15.9%,7.3M
2023-10,Elden Ring,PC,87541,110528,+63.6%,8.8M
2023-10,Call of Duty: Black Ops II,Xbox,86813,117293,+35.2%,32.0M
2023-10,Call of Duty: Black Ops II,PlayStation,46339,81947,-18.6%,29.9M
2023-10,Red Dead Redemption 2,PC,46786,89388,-35.7%,18.2M
2023-10,The Elder Scrolls V: Skyrim,Xbox,19417,49641,-78.7%,31.2M
2023-10,Elden Ring,Xbox,33938,62202,-42.0%,10.6M
2023-10,The Elder Scrolls V: Skyrim,PC,93891,98098,+2.3%,35.4M
2023-10,Call of Duty: Warzone,Xbox,52216,64887,-30.8%,14.8M
2023-10,Call of Duty: Black Ops II,PC,67097,76136,-12.0%,30.8M
2023-10,Call of Duty: Warzone,PC,32322,60257,-41.6%,13.3M
2023-10,Red Dead Redemption 2,PlayStation,39146,60756,-56.6%,17.3M
2023-10,GTA V,PlayStation,70629,79940,+233.1%,31.0M
2023-10,Call of Duty: Warzone,PlayStation,21438,39795,+55.5%,14.0M
2023-10,GTA V,Xbox,11533,51946,-78.5%,28.2M
2023-11,The Elder Scrolls V: Skyrim,PC,67760,104016,-27.8%,35.8M
2023-11,Call of Duty: Black Ops II,PC,83797,99876,+24.9%,31.3M
2023-11,Call of Duty: Warzone,Xbox,53118,75268,+1.7%,15.3M
2023-11,Elden Ring,PC,62779,97686,-28.3%,9.2M
2023-11,Red Dead Redemption 2,Xbox,17594,43345,-79.1%,19.3M
2023-11,GTA V,PlayStation,36050,83040,-49.0%,31.4M
2023-11,The Elder Scrolls V: Skyrim,PlayStation,97959,110525,+103.7%,32.4M
2023-11,GTA V,Xbox,67065,99231,+481.5%,28.5M
2023-11,Call of Duty: Black Ops II,PlayStation,59895,88350,+29.3%,30.1M
2023-11,Call of Duty: Warzone,PC,87187,131355,+169.7%,13.5M
2023-11,Call of Duty: Black Ops II,Xbox,93616,140725,+7.8%,32.1M
2023-11,Call of Duty: Warzone,PlayStation,90772,122452,+323.4%,14.2M
2023-11,Elden Ring,PlayStation,92981,127181,+20.4%,7.4M
2023-11,Red Dead Redemption 2,PlayStation,13103,16977,-66.5%,17.4M
2023-11,Elden Ring,Xbox,13254,39416,-60.9%,10.7M
2023-11,GTA V,PC,22582,66634,-70.6%,32.5M
2023-11,The Elder Scrolls V: Skyrim,Xbox,93114,139864,+379.5%,31.7M
2023-11,Red Dead Redemption 2,PC,21530,29470,-54.0%,18.7M
2023-12,Elden Ring,PC,39984,64490,-36.3%,9.4M
2023-12,Call of Duty: Black Ops II,PlayStation,66895,83381,+11.7%,30.6M
2023-12,GTA V,PC,92380,114346,+309.1%,32.9M
2023-12,The Elder Scrolls V: Skyrim,PlayStation,38848,60215,-60.3%,32.7M
2023-12,Elden Ring,Xbox,11352,32709,-14.4%,11.2M
2023-12,GTA V,Xbox,70950,95430,+5.8%,28.9M
2023-12,The Elder Scrolls V: Skyrim,PC,71474,111343,+5.5%,35.8M
2023-12,Elden Ring,PlayStation,22086,23426,-76.2%,7.7M
2023-12,Red Dead Redemption 2,PC,73556,123471,+241.6%,18.8M
2023-12,Call of Duty: Black Ops II,PC,86488,89477,+3.2%,31.7M
2023-12,Red Dead Redemption 2,PlayStation,61219,79997,+367.2%,17.8M
2023-12,The Elder Scrolls V: Skyrim,Xbox,26360,74994,-71.7%,31.8M
2023-12,Call of Duty: Warzone,Xbox,63077,94917,+18.7%,15.4M
2023-12,Red Dead Redemption 2,Xbox,56243,71025,+219.7%,19.7M
2023-12,GTA V,PlayStation,33396,43122,-7.4%,31.8M
2023-12,Call of Duty: Warzone,PC,73393,112175,-15.8%,13.7M
2023-12,Call of Duty: Warzone,PlayStation,50291,60652,-44.6%,14.7M
2023-12,Call of Duty: Black Ops II,Xbox,63733,98874,-31.9%,32.4M
2024-01,GTA V,Xbox,81074,122705,+14.3%,29.2M
2024-01,Elden Ring,PlayStation,48682,85430,+120.4%,7.9M
2024-01,Call of Duty: Warzone,PC,25341,40614,-65.5%,14.1M
2024-01,Elden Ring,PC,83109,119100,+107.9%,9.7M
2024-01,Red Dead Redemption 2,PC,28949,60984,-60.6%,19.1M
2024-01,Call of Duty: Black Ops II,PC,13182,23151,-84.8%,32.0M
2024-01,Call of Duty: Warzone,Xbox,95903,117883,+52.0%,15.6M
2024-01,The Elder Scrolls V: Skyrim,PC,76947,86667,+7.7%,36.1M
2024-01,The Elder Scrolls V: Skyrim,PlayStation,64128,102125,+65.1%,33.0M
2024-01,Call of Duty: Warzone,PlayStation,35585,60954,-29.2%,15.1M
2024-01,Elden Ring,Xbox,54153,56434,+377.0%,11.3M
2024-01,GTA V,PC,40781,47667,-55.9%,33.2M
2024-01,The Elder Scrolls V: Skyrim,Xbox,30508,55249,+15.7%,32.1M
2024-01,Call of Duty: Black Ops II,Xbox,90060,105128,+41.3%,32.6M
2024-01,Red Dead Redemption 2,Xbox,84246,106083,+49.8%,20.0M
2024-01,Red Dead Redemption 2,PlayStation,97896,114837,+59.9%,18.0M
2024-01,GTA V,PlayStation,91437,105157,+173.8%,32.2M
2024-01,Call of Duty: Black Ops II,PlayStation,80393,82846,+20.2%,30.7M
2024-02,GTA V,Xbox,70675,75467,-12.8%,29.7M
2024-02,Call of Duty: Black Ops II,PlayStation,49613,59819,-38.3%,31.1M
2024-02,Elden Ring,Xbox,94547,119688,+74.6%,11.5M
2024-02,Call of Duty: Warzone,PlayStation,13598,17226,-61.8%,15.5M
2024-02,The Elder Scrolls V: Skyrim,PC,15304,46311,-80.1%,36.4M
2024-02,Elden Ring,PlayStation,81477,117898,+67.4%,8.2M
2024-02,Elden Ring,PC,99583,149073,+19.8%,9.9M
2024-02,The Elder Scrolls V: Skyrim,Xbox,97568,142611,+219.8%,32.3M
2024-02,Call of Duty: Warzone,PC,55551,79294,+119.2%,14.3M
2024-02,GTA V,PC,74537,122667,+82.8%,33.3M
2024-02,Call of Duty: Black Ops II,PC,39611,50142,+200.5%,32.3M
2024-02,GTA V,PlayStation,73962,75931,-19.1%,32.7M
2024-02,Red Dead Redemption 2,Xbox,19799,66848,-76.5%,20.2M
2024-02,Call of Duty: Warzone,Xbox,35849,74924,-62.6%,15.7M
2024-02,The Elder Scrolls V: Skyrim,PlayStation,25682,62564,-60.0%,33.2M
2024-02,Red Dead Redemption 2,PC,47458,82973,+63.9%,19.5M
2024-02,Red Dead Redemption 2,PlayStation,18533,66417,-81.1%,18.2M
2024-02,Call of Duty: Black Ops II,Xbox,68026,92457,-24.5%,32.8M
2024-03,The Elder Scrolls V: Skyrim,PlayStation,61150,90772,+138.1%,33.4M
2024-03,Red Dead Redemption 2,PlayStation,88310,109619,+376.5%,18.3M
2024-03,Call of Duty: Warzone,PlayStation,93179,130197,+585.2%,15.6M
2024-03,Call of Duty: Warzone,Xbox,78039,97131,+117.7%,16.0M
2024-03,Call of Duty: Warzone,PC,74828,88683,+34.7%,14.4M
2024-03,Elden Ring,PlayStation,42268,63744,-48.1%,8.4M
2024-03,GTA V,Xbox,93678,130725,+32.5%,29.9M
2024-03,GTA V,PC,35452,37555,-52.4%,33.4M
2024-03,Elden Ring,PC,71396,81731,-28.3%,10.4M
2024-03,The Elder Scrolls V: Skyrim,PC,30342,70493,+98.3%,36.6M
2024-03,GTA V,PlayStation,32501,55516,-56.1%,32.9M
2024-03,Elden Ring,Xbox,18377,49119,-80.6%,12.0M
2024-03,Red Dead Redemption 2,Xbox,65162,91059,+229.1%,20.5M
2024-03,Call of Duty: Black Ops II,PC,94296,110258,+138.1%,32.4M
2024-03,Call of Duty: Black Ops II,Xbox,78133,115452,+14.9%,33.2M
2024-03,The Elder Scrolls V: Skyrim,Xbox,28132,74056,-71.2%,32.6M
2024-03,Red Dead Redemption 2,PC,82208,85259,+73.2%,19.5M
2024-03,Call of Duty: Black Ops II,PlayStation,43124,74042,-13.1%,31.5M
2024-04,Call of Duty: Warzone,PlayStation,76470,86532,-17.9%,16.0M
2024-04,The Elder Scrolls V: Skyrim,PlayStation,88282,103588,+44.4%,33.6M
2024-04,The Elder Scrolls V: Skyrim,Xbox,32808,53606,+16.6%,32.9M
2024-04,Elden Ring,PC,73515,93891,+3.0%,10.8M
2024-04,Call of Duty: Warzone,Xbox,53201,60226,-31.8%,16.2M
2024-04,Elden Ring,PlayStation,78295,98319,+85.2%,8.6M
2024-04,Red Dead Redemption 2,PC,26916,63977,-67.3%,19.8M
2024-04,GTA V,Xbox,62480,87358,-33.3%,30.3M
2024-04,GTA V,PlayStation,65950,85335,+102.9%,33.4M
2024-04,Call of Duty: Black Ops II,Xbox,23777,46913,-69.6%,33.7M
2024-04,Red Dead Redemption 2,PlayStation,44574,70751,-49.5%,18.7M
2024-04,GTA V,PC,12879,44752,-63.7%,33.7M
2024-04,Call of Duty: Black Ops II,PC,42811,66374,-54.6%,32.6M
2024-04,Call of Duty: Warzone,PC,63891,102205,-14.6%,14.7M
2024-04,Elden Ring,Xbox,88455,115444,+381.3%,12.1M
2024-04,Red Dead Redemption 2,Xbox,91496,120929,+40.4%,20.6M
2024-04,The Elder Scrolls V: Skyrim,PC,58006,97142,+91.2%,37.0M
2024-04,Call of Duty: Black Ops II,PlayStation,38837,57847,-9.9%,32.0M
2024-05,GTA V,Xbox,10326,18337,-83.5%,30.7M
2024-05,Elden Ring,Xbox,66884,80260,-24.4%,12.5M
2024-05,Elden Ring,PC,56351,101958,-23.3%,11.1M
2024-05,Call of Duty: Warzone,PlayStation,58786,92866,-23.1%,16.4M
2024-05,Call of Duty: Black Ops II,Xbox,75852,123173,+219.0%,34.2M
2024-05,Red Dead Redemption 2,Xbox,67177,69856,-26.6%,20.7M
2024-05,The Elder Scrolls V: Skyrim,PlayStation,79037,111119,-10.5%,33.8M
2024-05,GTA V,PC,59557,80664,+362.4%,34.2M
2024-05,The Elder Scrolls V: Skyrim,Xbox,56128,100562,+71.1%,32.9M
2024-05,GTA V,PlayStation,66612,101071,+1.0%,33.7M
2024-05,Red Dead Redemption 2,PC,66893,84944,+148.5%,20.3M
2024-05,Call of Duty: Black Ops II,PlayStation,38027,47214,-2.1%,32.2M
2024-05,Call of Duty: Warzone,Xbox,40370,42365,-24.1%,16.4M
2024-05,Elden Ring,PlayStation,29331,36974,-62.5%,8.8M
2024-05,Call of Duty: Warzone,PC,15537,26422,-75.7%,14.8M
2024-05,The Elder Scrolls V: Skyrim,PC,34936,80484,-39.8%,37.1M
2024-05,Red Dead Redemption 2,PlayStation,15358,23643,-65.5%,19.0M
2024-05,Call of Duty: Black Ops II,PC,75105,110509,+75.4%,32.8M
2024-06,The Elder Scrolls V: Skyrim,PlayStation,54460,101274,-31.1%,33.9M
2024-06,The Elder Scrolls V: Skyrim,PC,75304,83359,+115.5%,37.4M
2024-06,Call of Duty: Black Ops II,PlayStation,90206,101124,+137.2%,32.3M
2024-06,Elden Ring,Xbox,39197,61018,-41.4%,12.8M
2024-06,Call of Duty: Warzone,Xbox,16941,38994,-58.0%,16.5M
2024-06,Elden Ring,PC,66064,81378,+17.2%,11.2M
2024-06,Call of Duty: Warzone,PlayStation,57219,78635,-2.7%,16.5M
2024-06,Red Dead Redemption 2,PlayStation,62136,75091,+304.6%,19.4M
2024-06,The Elder Scrolls V: Skyrim,Xbox,85406,93868,+52.2%,33.4M
2024-06,Call of Duty: Black Ops II,Xbox,85843,107184,+13.2%,34.4M
2024-06,GTA V,PC,46020,76507,-22.7%,34.6M
2024-06,Red Dead Redemption 2,PC,19998,49048,-70.1%,20.5M
2024-06,Elden Ring,PlayStation,59867,107899,+104.1%,9.0M
2024-06,Red Dead Redemption 2,Xbox,79386,103013,+18.2%,21.1M
2024-06,GTA V,PlayStation,37349,58391,-43.9%,34.2M
2024-06,Call of Duty: Black Ops II,PC,80526,127702,+7.2%,33.2M
2024-06,GTA V,Xbox,86375,95818,+736.5%,31.0M
2024-06,Call of Duty: Warzone,PC,74099,78117,+376.9%,15.1M
2024-07,Elden Ring,PlayStation,35067,54921,-41.4%,9.2M
2024-07,The Elder Scrolls V: Skyrim,PlayStation,21974,49227,-59.7%,34.2M
2024-07,Call of Duty: Warzone,PC,89775,105428,+21.2%,15.2M
2024-07,Call of Duty: Black Ops II,PlayStation,13722,43919,-84.8%,32.7M
2024-07,Call of Duty: Warzone,Xbox,10737,32345,-36.6%,16.9M
2024-07,Elden Ring,Xbox,52838,87372,+34.8%,13.1M
2024-07,GTA V,Xbox,60306,61766,-30.2%,31.2M
2024-07,GTA V,PlayStation,70981,109036,+90.0%,34.6M
2024-07,Elden Ring,PC,97983,101705,+48.3%,11.3M
2024-07,The Elder Scrolls V: Skyrim,PC,21234,64480,-71.8%,37.5M
2024-07,Red Dead Redemption 2,PC,27161,65196,+35.8%,20.8M
2024-07,Call of Duty: Warzone,PlayStation,83299,90606,+45.6%,16.7M
2024-07,Call of Duty: Black Ops II,PC,59683,98988,-25.9%,33.7M
2024-07,Red Dead Redemption 2,Xbox,21290,44682,-73.2%,21.4M
2024-07,The Elder Scrolls V: Skyrim,Xbox,64562,100775,-24.4%,33.6M
2024-07,GTA V,PC,90190,115971,+96.0%,34.7M
2024-07,Red Dead Redemption 2,PlayStation,28399,62823,-54.3%,19.5M
2024-07,Call of Duty: Black Ops II,Xbox,62726,104815,-26.9%,34.7M
2024-08,Call of Duty: Black Ops II,Xbox,37221,50105,-40.7%,35.1M
2024-08,GTA V,Xbox,51083,61930,-15.3%,31.3M
2024-08,The Elder Scrolls V: Skyrim,PC,89982,109883,+323.8%,37.6M
2024-08,Call of Duty: Black Ops II,PC,79769,126861,+33.7%,33.8M
2024-08,Red Dead Redemption 2,PlayStation,59100,85394,+108.1%,19.7M
2024-08,Call of Duty: Black Ops II,PlayStation,25060,71133,+82.6%,32.9M
2024-08,Elden Ring,Xbox,68984,79031,+30.6%,13.5M
2024-08,Call of Duty: Warzone,Xbox,16391,47956,+52.7%,17.1M
2024-08,Call of Duty: Warzone,PC,23256,58774,-74.1%,15.4M
2024-08,GTA V,PlayStation,86996,123585,+22.6%,34.9M
2024-08,Elden Ring,PC,23472,62158,-76.0%,11.4M
2024-08,Elden Ring,PlayStation,81019,118998,+131.0%,9.4M
2024-08,Call of Duty: Warzone,PlayStation,12293,20251,-85.2%,17.1M
2024-08,Red Dead Redemption 2,Xbox,69695,75918,+227.4%,21.5M
2024-08,GTA V,PC,49743,74760,-44.8%,35.1M
2024-08,Red Dead Redemption 2,PC,86999,96706,+220.3%,21.1M
2024-08,The Elder Scrolls V: Skyrim,Xbox,56014,61893,-13.2%,33.9M
2024-08,The Elder Scrolls V: Skyrim,PlayStation,48580,54079,+121.1%,34.3M
2024-09,Red Dead Redemption 2,PlayStation,13779,45174,-76.7%,19.9M
2024-09,Call of Duty: Warzone,PC,81460,92444,+250.3%,15.6M
2024-09,Elden Ring,PlayStation,68610,115371,-15.3%,9.8M
2024-09,Red Dead Redemption 2,PC,93738,113971,+7.7%,21.1M
2024-09,The Elder Scrolls V: Skyrim,Xbox,84860,117618,+51.5%,34.4M
2024-09,GTA V,Xbox,46487,96183,-9.0%,31.5M
2024-09,Red Dead Redemption 2,Xbox,24435,43844,-64.9%,21.6M
2024-09,Call of Duty: Black Ops II,PC,12971,14733,-83.7%,33.9M
2024-09,The Elder Scrolls V: Skyrim,PC,97091,104952,+7.9%,37.8M
2024-09,Call of Duty: Black Ops II,Xbox,16268,52624,-56.3%,35.4M
2024-09,Elden Ring,Xbox,77563,80196,+12.4%,13.9M
2024-09,Call of Duty: Black Ops II,PlayStation,18145,50379,-27.6%,33.1M
2024-09,The Elder Scrolls V: Skyrim,PlayStation,69430,117982,+42.9%,34.7M
2024-09,GTA V,PC,58692,65600,+18.0%,35.2M
2024-09,Call of Duty: Warzone,Xbox,56949,86086,+247.4%,17.4M
2024-09,GTA V,PlayStation,61558,101621,-29.2%,35.4M
2024-09,Elden Ring,PC,63569,102022,+170.8%,11.7M
2024-09,Call of Duty: Warzone,PlayStation,76737,85260,+524.2%,17.2M
2024-10,The Elder Scrolls V: Skyrim,Xbox,25929,38367,-69.4%,34.6M
2024-10,Elden Ring,PlayStation,26753,45425,-61.0%,10.3M
2024-10,Call of Duty: Warzone,Xbox,63249,80396,+11.1%,17.8M
2024-10,Call of Duty: Black Ops II,PlayStation,13500,28277,-25.6%,33.5M
2024-10,GTA V,Xbox,28587,70169,-38.5%,32.0M
2024-10,Call of Duty: Black Ops II,Xbox,88903,107224,+446.5%,35.5M
2024-10,Elden Ring,PC,68067,92079,+7.1%,12.1M
2024-10,GTA V,PlayStation,28618,66234,-53.5%,35.7M
2024-10,Red Dead Redemption 2,PC,52929,96191,-43.5%,21.2M
2024-10,Call of Duty: Warzone,PC,21238,41477,-73.9%,16.1M
2024-10,Red Dead Redemption 2,Xbox,57200,79716,+134.1%,21.7M
2024-10,Call of Duty: Warzone,PlayStation,82384,104604,+7.4%,17.5M
2024-10,Red Dead Redemption 2,PlayStation,90689,114461,+558.2%,20.1M
2024-10,The Elder Scrolls V: Skyrim,PlayStation,53899,61623,-22.4%,34.8M
2024-10,Elden Ring,Xbox,56893,106011,-26.6%,14.1M
2024-10,The Elder Scrolls V: Skyrim,PC,21708,50209,-77.6%,38.0M
2024-10,Call of Duty: Black Ops II,PC,21715,23500,+67.4%,34.0M
2024-10,GTA V,PC,41602,84254,-29.1%,35.3M
2024-11,The Elder Scrolls V: Skyrim,PC,94651,115070,+336.0%,38.3M
2024-11,Red Dead Redemption 2,Xbox,11469,57891,-79.9%,22.2M
2024-11,The Elder Scrolls V: Skyrim,Xbox,99257,101225,+282.8%,34.6M
2024-11,Red Dead Redemption 2,PC,99501,124540,+88.0%,21.3M
2024-11,The Elder Scrolls V: Skyrim,PlayStation,27824,64460,-48.4%,35.2M
2024-11,Call of Duty: Black Ops II,PlayStation,11731,31014,-13.1%,33.8M
2024-11,Elden Ring,PC,81898,115852,+20.3%,12.4M
2024-11,Call of Duty: Warzone,PlayStation,49301,78172,-40.2%,17.8M
2024-11,GTA V,PC,54101,60661,+30.0%,35.6M
2024-11,Call of Duty: Black Ops II,Xbox,47487,87833,-46.6%,36.0M
2024-11,GTA V,PlayStation,84159,107787,+194.1%,35.9M
2024-11,Call of Duty: Warzone,Xbox,24972,46442,-60.5%,18.2M
2024-11,GTA V,Xbox,32304,49780,+13.0%,32.5M
2024-11,Elden Ring,Xbox,48642,75221,-14.5%,14.5M
2024-11,Elden Ring,PlayStation,70094,104078,+162.0%,10.4M
2024-11,Call of Duty: Black Ops II,PC,58435,98446,+169.1%,34.1M
2024-11,Red Dead Redemption 2,PlayStation,52867,89161,-41.7%,20.6M
2024-11,Call of Duty: Warzone,PC,71077,100509,+234.7%,16.3M
2024-12,The Elder Scrolls V: Skyrim,Xbox,81405,101855,-18.0%,34.9M
2024-12,Elden Ring,PlayStation,81315,94902,+16.0%,10.5M
2024-12,Call of Duty: Warzone,PC,37754,48937,-46.9%,16.7M
2024-12,Red Dead Redemption 2,Xbox,17407,23212,+51.8%,22.3M
2024-12,Call of Duty: Black Ops II,PC,38165,60869,-34.7%,34.5M
2024-12,Elden Ring,Xbox,21953,31919,-54.9%,15.0M
2024-12,GTA V,Xbox,89760,110820,+177.9%,32.8M
2024-12,GTA V,PlayStation,74241,103622,-11.8%,36.3M
2024-12,Call of Duty: Warzone,PlayStation,48947,57909,-0.7%,18.0M
2024-12,GTA V,PC,50186,62922,-7.2%,36.0M
2024-12,Elden Ring,PC,76640,78985,-6.4%,12.6M
2024-12,Call of Duty: Warzone,Xbox,34938,75914,+39.9%,18.4M
2024-12,Call of Duty: Black Ops II,Xbox,62478,70813,+31.6%,36.5M
2024-12,Red Dead Redemption 2,PC,31252,68216,-68.6%,21.5M
2024-12,The Elder Scrolls V: Skyrim,PlayStation,27247,37028,-2.1%,35.3M
2024-12,Call of Duty: Black Ops II,PlayStation,51487,83062,+338.9%,34.0M
2024-12,The Elder Scrolls V: Skyrim,PC,66061,114770,-30.2%,38.6M
2024-12,Red Dead Redemption 2,PlayStation,20387,46553,-61.4%,20.7M
2025-01,Red Dead Redemption 2,Xbox,39409,53263,+126.4%,22.5M
2025-01,Elden Ring,Xbox,35769,46808,+62.9%,15.4M
2025-01,Red Dead Redemption 2,PlayStation,43627,69273,+114.0%,21.0M
2025-01,Call of Duty: Black Ops II,PC,81424,95857,+113.3%,34.5M
2025-01,Call of Duty: Warzone,Xbox,27382,70034,-21.6%,18.6M
2025-01,The Elder Scrolls V: Skyrim,PlayStation,90079,114310,+230.6%,35.7M
2025-01,GTA V,Xbox,34591,45290,-61.5%,33.0M
2025-01,The Elder Scrolls V: Skyrim,PC,75877,93971,+14.9%,39.1M
2025-01,Call of Duty: Black Ops II,Xbox,51668,78600,-17.3%,36.7M
2025-01,Elden Ring,PC,71274,100806,-7.0%,12.8M
2025-01,Call of Duty: Black Ops II,PlayStation,55542,86428,+7.9%,34.5M
2025-01,Red Dead Redemption 2,PC,70511,101777,+125.6%,21.9M
2025-01,Call of Duty: Warzone,PlayStation,52109,94297,+6.5%,18.2M
2025-01,Elden Ring,PlayStation,93349,109830,+14.8%,10.9M
2025-01,The Elder Scrolls V: Skyrim,Xbox,69459,111062,-14.7%,35.4M
2025-01,GTA V,PC,45597,53328,-9.1%,36.2M
2025-01,Call of Duty: Warzone,PC,94364,96996,+149.9%,17.0M
2025-01,GTA V,PlayStation,85835,100162,+15.6%,36.6M
2025-02,Red Dead Redemption 2,PC,59144,91338,-16.1%,22.1M
2025-02,Call of Duty: Warzone,Xbox,77775,118371,+184.0%,18.9M
2025-02,Call of Duty: Black Ops II,PC,34738,52853,-57.3%,34.8M
2025-02,Elden Ring,PlayStation,81235,124571,-13.0%,11.1M
2025-02,Red Dead Redemption 2,PlayStation,28603,72963,-34.4%,21.1M
2025-02,Call of Duty: Black Ops II,Xbox,40864,55750,-20.9%,37.1M
2025-02,The Elder Scrolls V: Skyrim,Xbox,70803,94404,+1.9%,35.5M
2025-02,Call of Duty: Warzone,PC,14722,60233,-84.4%,17.2M
2025-02,GTA V,Xbox,26783,76768,-22.6%,33.3M
2025-02,Red Dead Redemption 2,Xbox,98749,113452,+150.6%,22.8M
2025-02,GTA V,PC,66835,93296,+46.6%,36.4M
2025-02,Elden Ring,Xbox,55138,90885,+54.2%,15.6M
2025-02,The Elder Scrolls V: Skyrim,PlayStation,11104,42024,-87.7%,35.9M
2025-02,Call of Duty: Warzone,PlayStation,81398,92547,+56.2%,18.6M
2025-02,Call of Duty: Black Ops II,PlayStation,17444,19548,-68.6%,34.9M
2025-02,The Elder Scrolls V: Skyrim,PC,17425,26332,-77.0%,39.1M
2025-02,GTA V,PlayStation,48275,55006,-43.8%,36.9M
2025-02,Elden Ring,PC,73659,118484,+3.3%,13.0M
2025-03,The Elder Scrolls V: Skyrim,Xbox,73381,77251,+3.6%,35.7M
2025-03,GTA V,Xbox,31320,34922,+16.9%,33.4M
2025-03,Call of Duty: Black Ops II,PlayStation,50178,66001,+187.7%,35.1M
2025-03,Elden Ring,PlayStation,64403,72500,-20.7%,11.2M
2025-03,Call of Duty: Warzone,PlayStation,37378,57885,-54.1%,18.8M
2025-03,Call of Duty: Warzone,PC,92459,117565,+528.0%,17.3M
2025-03,GTA V,PlayStation,16975,22607,-64.8%,37.2M
2025-03,Elden Ring,PC,14567,27535,-80.2%,13.5M
2025-03,The Elder Scrolls V: Skyrim,PC,26915,37912,+54.5%,39.2M
2025-03,Call of Duty: Warzone,Xbox,28792,29817,-63.0%,19.3M
2025-03,The Elder Scrolls V: Skyrim,PlayStation,41267,55279,+271.6%,36.0M
2025-03,Call of Duty: Black Ops II,PC,45585,60062,+31.2%,35.0M
2025-03,Elden Ring,Xbox,52479,94464,-4.8%,16.1M
2025-03,Red Dead Redemption 2,PlayStation,22344,71656,-21.9%,21.4M
2025-03,Call of Duty: Black Ops II,Xbox,45207,77147,+10.6%,37.5M
2025-03,Red Dead Redemption 2,Xbox,40934,65012,-58.5%,23.2M
2025-03,Red Dead Redemption 2,PC,39065,82551,-33.9%,22.6M
2025-03,GTA V,PC,11925,33181,-82.2%,36.6M
2025-04,The Elder Scrolls V: Skyrim,Xbox,96363,110398,+31.3%,35.8M
2025-04,Elden Ring,PlayStation,94725,132355,+47.1%,11.5M
2025-04,The Elder Scrolls V: Skyrim,PlayStation,94165,134705,+128.2%,36.1M
2025-04,Elden Ring,Xbox,80149,82867,+52.7%,16.1M
2025-04,Call of Duty: Black Ops II,PC,89110,105496,+95.5%,35.4M
2025-04,The Elder Scrolls V: Skyrim,PC,59930,105180,+122.7%,39.5M
2025-04,Call of Duty: Black Ops II,PlayStation,75890,82428,+51.2%,35.2M
2025-04,GTA V,Xbox,76199,104586,+143.3%,33.5M
2025-04,GTA V,PlayStation,43764,80806,+157.8%,37.5M
2025-04,Call of Duty: Black Ops II,Xbox,55179,99359,+22.1%,37.7M
2025-04,Red Dead Redemption 2,PlayStation,84407,131644,+277.8%,21.6M
2025-04,GTA V,PC,83851,127092,+603.2%,36.7M
2025-04,Red Dead Redemption 2,PC,68486,100783,+75.3%,23.0M
2025-04,Elden Ring,PC,31136,65319,+113.7%,13.9M
2025-04,Call of Duty: Warzone,PC,90889,96709,-1.7%,17.4M
2025-04,Call of Duty: Warzone,Xbox,93181,98487,+223.6%,19.5M
2025-04,Call of Duty: Warzone,PlayStation,59733,109497,+59.8%,19.0M
2025-04,Red Dead Redemption 2,Xbox,20389,49155,-50.2%,23.3M
2025-05,GTA V,PC,67361,93953,-19.7%,37.1M
2025-05,The Elder Scrolls V: Skyrim,PlayStation,39948,46376,-57.6%,36.2M
2025-05,Elden Ring,PC,74279,78205,+138.6%,14.1M
2025-05,Call of Duty: Warzone,Xbox,69805,105816,-25.1%,19.7M
2025-05,Call of Duty: Black Ops II,PC,48899,83545,-45.1%,35.7M
2025-05,The Elder Scrolls V: Skyrim,PC,88438,91140,+47.6%,39.8M
2025-05,Call of Duty: Warzone,PlayStation,17562,35697,-70.6%,19.4M
2025-05,GTA V,Xbox,39449,61076,-48.2%,33.6M
2025-05,GTA V,PlayStation,15623,37923,-64.3%,37.9M
2025-05,Call of Duty: Warzone,PC,44675,65534,-50.8%,17.6M
2025-05,Call of Duty: Black Ops II,Xbox,96985,123001,+75.8%,37.9M
2025-05,Elden Ring,PlayStation,37396,53496,-60.5%,11.7M
2025-05,Red Dead Redemption 2,PC,37847,56912,-44.7%,23.5M
2025-05,The Elder Scrolls V: Skyrim,Xbox,17160,66682,-82.2%,36.2M
2025-05,Red Dead Redemption 2,Xbox,48877,85274,+139.7%,23.7M
2025-05,Red Dead Redemption 2,PlayStation,60522,88706,-28.3%,22.1M
2025-05,Call of Duty: Black Ops II,PlayStation,79945,114573,+5.3%,35.3M
2025-05,Elden Ring,Xbox,26054,38223,-67.5%,16.6M
